zip,population,population_density,median_household_income,mean_household_income,land_area,water_area,white,black,asian,hispanic,male_population,median_age
93635,38776,144.8,48542,61533,259.19,8.53,59.4,3.6,3.1,64.1,50.1,30.2
94002,25992,4582.5,102611,130855,5.66,0.01,67.5,1.6,19.9,11.7,48.8,40.9
94005,4282,937.3,79171,113108,4.4,0.17,60.2,1.9,25.3,16.6,50.2,41.7
94010,40737,3416.6,96786,175786,11.84,0.09,67.6,1,22.4,10.8,47.9,42.3
94014,47014,7454.3,68495,84273,6.31,0,24.9,3.5,49,34.2,49.6,37.5
94015,60927,10575.5,76954,91355,5.76,0,24,3.5,59,16.2,49.1,39.1
94019,18424,346.6,96172,131635,52.6,0.56,76.8,0.8,3.9,29.7,49.3,42.3
94020,1559,27.9,122024,142744,55.77,0.03,88.1,1.1,2.6,8.5,52.7,48.6
94021,192,42.4,91458,83749,4.53,0,88,1,3.1,15.6,49,38
94022,18500,1057.9,154243,234872,17.49,0,71,0.5,23.6,3.3,48.3,48.2
94024,22385,3065.8,166742,228696,7.3,0,69.3,0.5,24.7,4,48.9,46.3
94025,40526,3447.7,114149,171793,11.75,0,71,4.1,9.7,19,48.7,39
94027,7089,1355.6,218214,391327,5.2,0.03,80.5,1.1,13.2,4,49,48.3
94028,6534,425.8,162271,320475,15.24,0.11,89.4,0.4,5.9,4.7,49.5,50
94030,21536,6337.4,86364,108474,3.39,0.01,47.3,0.8,42.7,11.9,47.4,44.8
94037,2913,503.5,119537,128776,5.79,0,85.5,0.6,4.9,11.3,48.1,46
94038,3040,1929,80469,111481,1.58,0,73.6,0.8,3.8,29.2,49.8,43.1
94040,32996,8944.6,95072,123840,3.69,0,55.5,1.8,27.2,20.8,50.8,35.7
94041,13292,8688.8,87231,122034,1.53,0,59.9,2.2,21.6,24.8,51.6,35.3
94043,28358,2656.8,94038,118828,10.67,0,55.2,3.1,26,21,50.7,36.2
94044,37296,2542.8,96014,113061,14.67,0,64.9,2.6,19.4,16.8,48.9,41.5
94060,1554,21.2,101319,134588,72.95,0.34,63.4,1,0.9,51.6,54.3,38
94061,36245,9385.7,75033,99343,3.86,0,65,2.2,6.4,38.7,48.9,37
94062,25876,360.3,122260,192162,70.89,0.94,81.7,1.1,6.7,14.5,49.1,44.8
94063,30949,3906.3,51690,70811,6.82,1.1,46,2.9,4.9,71,53.4,31
94065,11359,3673.4,133981,155720,2.44,0.65,54,1.9,35.8,7.7,47.7,40.1
94066,41130,6706,78521,94655,6.13,0,49.5,2.3,25.4,29.2,49.3,38.8
94070,29166,4747.2,120579,155509,6.14,0,79.3,0.8,11.5,10,48.3,42.7
94074,214,11.5,162950,116295,18.54,0.03,87.9,0.5,5.6,9.4,56.5,43
94080,63975,6158.2,73927,90882,10.28,0.11,37.4,2.5,36.6,34,49.4,38.1
94085,21247,6087.9,94870,102730,3.49,0,39.9,2,34.3,36.8,52.5,32.1
94086,45697,10187.2,92931,111753,4.49,0,39.8,2.5,42,21.3,51.2,33.8
94087,54293,8248,110348,135069,6.58,0,47.2,1.4,43.1,9,49.2,38.8
94089,19245,3205,80625,96423,5.99,0.01,41.9,2.3,39.1,22.2,49.4,37.4
94102,31176,46472.4,22252,48334,0.67,0,45.4,13.9,25.4,18.9,59.9,40.9
94103,27170,20036.1,44145,73372,1.36,0,47.1,11,25.6,21.9,60.1,39.3
94104,406,5232.1,26223,96572,0.08,0,34.5,3,55.7,7.6,53.7,47.6
94105,5846,12966.2,142389,211655,0.37,0.08,56.7,2.2,34.9,5.9,56.2,35.5
94107,26599,14131.4,117556,150750,1.79,0.09,59.2,6.7,24.2,10.4,53.9,36.2
94108,13768,50982.6,33979,84788,0.27,0,35.3,1.9,57.8,5.9,48.3,43.8
94109,55984,43000.4,58915,93415,1.19,0.11,59.5,4,27.3,10.9,50.9,37.6
94110,69333,29756.1,79516,106657,2.33,0,58.5,3.7,12.8,38.4,52.5,36.2
94111,3713,6940.8,93393,137929,0.34,0.19,57.6,2.2,36.4,5.2,53.3,51.4
94112,79407,23605.5,72396,88251,3.36,0,26.4,4.2,49.6,29.2,49.6,39.8
94114,31124,21836.9,115734,151865,1.43,0,79.5,1.9,10.3,9.4,59.1,40.4
94115,33021,29595.7,73797,123781,1.12,0,60.8,12.5,19,7.9,47,36.9
94116,43698,16659,82648,111568,2.59,0.04,38.1,1.2,54.9,6.1,48.5,43.3
94117,39169,23202.4,91303,122381,1.69,0,73.7,6.2,11.1,10,50.8,33.8
94118,38319,19435.1,81545,127332,1.95,0.02,55.9,1.7,35.2,6.4,47.2,38.6
94121,41203,13268.2,72371,100179,3.08,0.02,45.8,1.7,45.7,6.1,48.1,42.4
94122,56023,23699.3,77889,99387,2.36,0,43,1.5,49,6.1,48.5,39.1
94123,23088,20863.4,107226,153773,1.02,0.09,84.3,0.8,10.5,5.4,46.1,35
94124,33996,5656.5,46692,66734,4.93,1.08,12.1,33.7,30.7,25,48.8,34.6
94127,19289,10872.7,128079,162704,1.77,0,60.4,3.4,28,8.9,50.2,45.6
94128,69,19.6,NA,NA,3.52,0.01,56.5,8.7,7.3,30.4,72.5,46.5
94129,3183,1377.8,121313,178646,2.3,0.01,80.1,2.2,7.9,7.8,52.3,30
94130,2880,3196.2,36553,66509,0.9,0,35.1,25.1,18.2,23,54.2,26.2
94131,26881,12806.1,94770,123938,2.08,0.02,67.3,4.6,18.5,12.6,52.3,42.3
94132,28129,7788.4,67943,89203,3.11,0.5,39.6,8.6,40.7,11.6,46.2,32.9
94133,26237,26110.9,46841,83652,0.76,0.25,41.4,2.2,51.8,5,49.2,43.9
94134,40798,16755.9,59690,77257,2.4,0.04,16.2,9.6,56.4,21.4,48.9,39.5
94158,4792,4075.2,64594,99614,0.66,0.52,47.6,3.7,40.5,7.3,54.7,33.1
94301,16995,7161.3,135709,228159,2.37,0,75.9,2,16.2,5,49.7,43.2
94303,45467,5230.1,76813,123603,7.96,0.73,39.8,10.9,15.4,41.8,49.8,32.4
94304,3627,556.6,104531,154392,6.5,0.02,65.6,1.9,27.5,4.8,48.1,39.6
94305,13862,2679.7,55543,119000,5.13,0.05,57.5,4.7,27.3,10.4,54.2,22.6
94306,26469,6322.1,111432,151297,4.19,0,60.6,2.1,29.5,7.8,48.9,41.4
94401,34429,8154.2,73023,92267,3.15,1.08,48,3.6,15.9,40.8,50.1,36.1
94402,23981,4933.6,108701,151964,4.86,0,68.3,1.2,18.5,14.7,48.5,42.2
94403,39642,6836.6,92123,116979,5.63,0.17,60.7,2,21.6,20.8,48.3,39.6
94404,33749,6943,114451,134831,4.26,0.6,46.9,1.9,43.5,6.9,48.1,39.5
94501,60212,5278.4,71096,90619,7.93,3.48,51.9,7.2,28.5,11.9,47.9,40
94502,13600,3514,115428,139217,2.68,1.19,45.6,3,43.2,6.7,47.8,44.9
94503,19681,1258.3,82205,97702,12.96,2.69,39.1,7.9,32.6,25.9,49,35.6
94505,13403,620.9,107972,129267,16.27,5.32,81.5,4.1,3.9,15.7,50.3,39.6
94506,22452,1194.3,164873,200408,18.79,0.01,71.9,1.6,20.9,6,48.5,43.4
94507,14889,1172.5,149973,215229,12.7,0,87,0.5,8.1,5.8,49.6,47.9
94508,3661,207.9,63393,81555,17.45,0.16,72.7,4.2,9.6,18.8,50.5,27.6
94509,62439,3505.1,54441,66067,16.43,1.38,55.1,13.9,6.1,35.7,48.8,33.8
94510,27088,865.1,88904,108949,27.95,3.36,72.5,5.6,11.1,12,48.1,42.9
94511,2137,384.1,33771,57414,5.56,0,86.2,1.9,2.2,13.1,53.5,52.8
94512,108,5.4,153359,136158,20.16,0.01,73.2,1.9,3.7,23.2,55.6,47
94513,54605,703.6,88219,100523,75.66,1.95,68.4,6.3,7.6,27.2,48.7,35.9
94514,1360,47.1,52031,62372,28.71,0.18,70.8,4.6,1.2,38.5,53.1,33
94515,7050,66.6,56688,92299,105.65,0.18,76.6,0.5,1.3,41.1,50.4,43.4
94516,211,241.3,98438,107126,0.87,0,89.1,1,5.7,1,55,43.6
94517,12385,216.5,115570,135099,57.22,0,84.7,1.5,6.1,9.5,49.1,45.1
94518,26778,4925.3,71663,88213,5.44,0,67.7,3.2,12,23,49.4,40.6
94519,18453,4220.8,71262,86652,4.37,0,70.4,2.7,9.3,24.5,49.9,38.5
94520,37208,3688,48116,59054,10.09,0,53.1,5.1,8.6,52.9,51.8,31.1
94521,41249,3182.2,81140,98747,12.96,0,70.9,2.8,13.3,17.6,48,41.1
94523,33569,4639.7,77117,100916,7.24,0,74.9,2.1,13.7,12.1,48.5,40.7
94525,3127,1021.5,81304,94581,2.35,0.71,79.8,4.9,3.5,15.8,48.9,45.7
94526,31102,2082.9,120571,157341,14.93,0,85.5,0.7,8.4,6.9,48.5,45.5
94528,964,411.1,219688,543285,2.34,0,93.1,NA,3.8,3.3,49,50.7
94530,23877,4944.9,78915,98556,4.83,0,53.4,7.8,27.2,11.2,48.1,43.6
94531,40290,3677.7,90448,100379,10.96,0,39.6,22.3,17.2,25.4,48.5,33.7
94533,69277,3187.3,55561,67361,21.6,0.13,42,17.7,12.7,32.8,49,33.1
94534,36416,456.6,95427,113566,79.16,0.6,55.2,11,19,16.8,49,39.3
94535,3793,993.3,52047,62841,3.81,0.01,64.4,12.2,7.2,15.6,56.1,22.1
94536,68790,4716,85196,101918,14.58,0,41.3,4,38.7,18.2,49.5,36.6
94538,61148,3675.3,81509,94143,16.46,0.18,36.9,4.1,41,22.3,50.2,34.4
94539,50031,1968.3,141319,158827,25.42,0,23.7,1.2,69.9,4.7,49.6,40.8
94541,61635,8269.1,55193,69123,7.43,0.02,40.4,14.6,12.7,45,49.6,34
94542,12717,2229.5,82658,106719,5.7,0,43.2,14.6,23.4,20.3,48.7,34.5
94544,73026,6664.8,62176,73695,10.96,0,33.1,11.2,19.6,46.3,49.6,32.3
94545,29707,1221,68965,86850,21.54,2.79,28.6,9.5,35.2,30.8,49.1,36.8
94546,42209,4357.9,71986,93089,9.42,0.26,63.1,5.9,16.6,18.8,47.9,41.2
94547,24092,3842.6,92320,107018,5.44,0.83,22.1,18.9,45.5,14.6,47.4,39
94548,412,146.6,54375,72306,2.76,0.05,85.2,1.7,1.5,28.4,55.6,42.5
94549,26864,1386.6,136868,177877,19.21,0.17,84.9,0.7,8.9,5.9,48.6,45.9
94550,46896,200.1,101315,124615,232.73,1.66,79.5,1.9,7.4,16.7,49.2,40.7
94551,36867,467,94353,108409,78.92,0.03,69.3,2.3,9.5,25.6,50.3,35.9
94552,14454,321.8,136303,151055,44.9,0.02,50.2,4.1,37.1,9.5,48.6,43.3
94553,47065,913.4,74708,90657,48.94,2.58,76.8,3.4,7.6,16.3,49.3,41.9
94555,34143,2621.8,109316,121076,11.61,1.41,22.1,3.7,63.5,9.4,49.6,36.3
94556,15229,1243.4,120051,162111,12.25,0,77,1.2,15.4,6,47.7,47
94558,66830,173,71599,97011,355.76,30.45,77.3,1,2.4,32.4,50.1,41.1
94559,27184,699.3,58692,77116,36.65,2.23,74.5,0.7,2.1,39.4,50.2,35.7
94560,42573,3078.4,84922,93994,13.81,0.02,41.3,4.7,27.2,35.2,49.8,35.4
94561,36515,2039.6,75605,88881,16.93,0.98,64.3,7.2,6.2,34.7,49.8,32.2
94563,17672,1022.8,161567,211525,17.26,0.01,82.3,0.8,11.5,4.6,48.6,47.8
94564,18287,3024,77476,92608,5.59,0.46,46.3,13.4,22.8,21.9,47.5,42.6
94565,84641,2497.5,55709,70202,30.2,3.69,37.8,16.1,14.2,45.6,49,31.8
94566,40884,2068.8,119764,149611,19.61,0.15,71.9,1.4,18.5,10.7,48.7,42.2
94567,623,4.7,57074,73053,131.41,2.42,83.3,0.2,1.4,25.2,48.5,39.8
94568,46016,3009.7,112717,126606,15.29,0,51.4,9.5,26.8,14.5,52.1,35.3
94569,198,83.7,92743,82591,2.37,0,89.4,1.5,3.5,5.1,49,53.3
94571,7911,57.2,60556,71035,117.62,20.72,81.4,4.7,4.7,13.8,48.6,56.3
94572,8684,1661.6,63803,74911,4.34,0.88,43.7,16.2,20.6,24.6,48.8,38.1
94573,94,94.2,61012,66915,1,0,80.9,NA,NA,40.4,53.2,46
94574,8742,67.3,83733,131313,127.8,2.09,79.4,0.5,1.8,29.5,47.9,45.3
94575,974,5523.7,NA,NA,0.17,0.01,64.6,11.1,7.8,21.9,40.1,19.6
94576,164,443.9,37614,68310,0.37,0,87.8,0.6,3.7,18.3,42.7,49.5
94577,45560,4787.5,63878,77481,8.15,1.37,40.3,12.9,24.8,29.3,48,39.5
94578,38558,8755.3,53465,63046,4.4,0,33.3,20.3,20.6,34,48.6,34
94579,20571,6566.9,67299,79195,3.13,0,35.4,6.6,42.5,21.3,48.3,40.8
94580,27152,7860.1,69031,77773,3.45,0.01,44.3,6.3,24.2,36,48.8,37.3
94582,38537,2961.3,130752,156585,13,0.02,42,3.1,47.6,6.7,49.1,35.9
94583,34859,2331.2,117384,135043,14.95,0,66.4,2.5,22.4,10.8,49.2,39
94585,28263,241,72500,82006,112.41,4.87,38.8,20.2,18.9,24,49.4,33
94586,925,15.6,95250,176784,58.65,0.77,85.1,0.1,5.5,9.5,50.4,49.2
94587,69516,3525.1,83066,98012,19.72,0,23.9,6.3,50.9,22.9,49.4,36.2
94588,30842,944.8,120008,141820,32.64,0,61.2,2,28.8,9.8,49.5,38.8
94589,29876,2577.5,58190,67439,11.46,0.13,25.5,24.5,26.8,28.1,48.7,36.9
94590,35420,5121.9,43754,58001,5.94,0.97,39.3,25,12.3,27.3,48.6,36.1
94591,53042,2378.2,75321,89469,21.58,0.73,33.1,18.6,31.3,17.2,48.6,39.3
94592,742,175.2,72031,123161,4.23,0.01,36.9,11.3,37.3,12,49.1,35.1
94595,16425,3053.7,58477,89633,5.38,0,87.1,1.1,7.5,4.8,40.8,66.9
94596,20037,3359.2,78402,107649,5.96,0,78.4,2.2,10.7,11.6,49.4,39.8
94597,20277,5179.6,83093,102325,3.91,0,74.3,2.4,14.3,10.7,48.1,39.2
94598,25818,1691.8,117500,146000,15.25,0.01,77.3,1.1,15.1,6.6,47.8,47.2
94599,3021,1030.4,69290,113758,2.93,0,89.5,1.3,1.7,9.8,57.4,63.8
94601,50294,14935.4,37609,50236,3.25,0.12,25.4,18.4,17.8,53.8,51.3,30.9
94602,28329,8497.5,70105,94715,3.3,0.03,45.6,17.9,23.2,13.8,46.5,41.3
94603,31403,9630.1,40062,51836,3.26,0,20.5,37.8,4.5,52.6,49.1,29.7
94605,39016,4330.3,56434,73051,8.96,0.05,21.9,52.7,6.4,22.2,46.9,38.1
94606,36672,14637,39230,50377,2.29,0.22,20.8,19.5,42.4,19.8,49.2,35.5
94607,24978,3527.8,32716,53533,5.9,1.18,19.9,38.5,28.8,12.6,50.4,36
94608,28019,8212.8,53936,71831,2.74,0.67,35.4,36.5,15.5,12.2,49.6,35.5
94609,20596,12057,48658,66067,1.71,0,46.6,33.2,7.9,11.4,47.6,34.6
94610,29287,12119.5,73127,110831,2.18,0.23,56.9,18.6,14.7,8.5,46.6,39.5
94611,36565,3461.7,99475,150591,10.56,0,69.2,8.3,14.2,6.6,47.4,43.9
94612,14389,16899.4,26314,47118,0.85,0,27.8,29.6,30.2,12.3,52,40.2
94613,715,2820,NA,NA,0.25,0,56.8,10.2,12.3,23.1,10.4,20.6
94618,16046,6589.6,114759,164950,2.43,0.01,76.7,4.9,10.9,6.7,46.5,41.5
94619,23299,1363.7,75041,97836,15.65,1.44,35.8,26.8,22.3,16.1,46.5,40.5
94621,29870,3127.6,30780,41132,7.78,1.77,20.3,36.5,4.3,54.8,49.5,28.8
94702,15979,12543.5,54825,74802,1.27,0,51.8,22.5,11.9,14,47.1,39.5
94703,19846,14852.3,54805,78751,1.34,0,55.4,18.3,13,12.8,49.1,35.7
94704,25592,23930,34169,49490,1.07,0,47.2,4.6,37.1,10.4,50.2,21.7
94705,12762,3862,90411,148865,3.3,0,77.5,3.9,11.3,6.3,47.7,42.7
94706,19615,13286.7,74558,97526,1.48,0,55.6,3.6,30.3,10,47.5,37.3
94707,11710,6907.5,137770,169859,1.7,0,81.6,2.1,9.8,5.2,46.8,50.4
94708,10985,3225.7,137540,176941,3.39,0.01,80.8,1.9,10.2,5,48.6,50.4
94709,11806,20083.9,58853,82644,0.59,0,64.7,2.9,24.5,7.4,51.5,27.8
94710,6948,1574.3,50968,70688,2.15,2.26,44.7,22.4,10.3,26.2,49.9,36.3
94720,2964,4760.7,23795,25602,0.62,0,44.2,3.1,39.5,13.4,47.2,19.8
94801,29395,1666.2,43084,61178,11.28,6.36,32.5,22,6,58.4,50.2,31.2
94803,24904,2134.1,72218,94868,11.67,0,44.7,16.4,20.9,20.7,48.7,42.3
94804,38559,4368.6,50701,65324,6.18,2.65,29.4,32.2,10.2,38.4,48,34.3
94805,13648,6873.1,62901,74102,1.99,0,46.3,15.1,14.7,31.4,48.2,40
94806,59861,6990.8,52783,66054,8.33,0.23,31.5,19.9,17.5,46.3,49.1,33.2
94901,41157,2429.4,72087,109802,13.16,3.78,67.9,1.8,5.2,36,51.6,37.9
94903,29040,1403.7,86774,115495,20.05,0.63,79.7,2.1,7.6,13.6,46.7,46.9
94904,11995,1619.9,99878,173203,7.24,0.16,87.7,1.3,4.5,6.6,45.9,48.8
94920,12474,1055.9,136926,234062,6.53,5.28,89.3,0.7,5.1,4.4,46.5,49
94922,425,34.4,30250,29348,12.32,0.03,77.4,0.5,0.7,23.8,50.6,44.3
94923,1411,61.7,74556,124026,21.4,1.45,89.7,0.4,2.5,9.9,51.1,57.3
94924,1638,59.9,54635,92887,23.12,4.21,86.8,1.7,1,15.9,53.6,49.2
94925,9253,2187.8,107723,147461,3.16,1.07,84.4,0.9,6.8,8.3,46.6,44.2
94928,43170,5604,56651,70241,7.7,0,76.3,1.9,5.3,21.6,48,31.1
94929,264,248.6,155069,125618,1.06,0,93.6,NA,1.5,3.4,48.9,58.3
94930,8500,520.6,99521,117264,15.92,0.41,89.3,1.4,2.8,6.6,48.8,46.1
94931,8470,1331,66054,85632,6.35,0.01,82.4,1.6,3.6,16.8,47.9,37.8
94933,865,790.2,73229,108735,1.09,0,91,1.9,0.6,7.9,48.8,48.5
94937,837,15.8,49750,90011,41.6,11.31,87.1,1.1,1.2,16.6,46,54.7
94938,812,76.7,94063,108588,10.58,0,91,0.9,0.7,7.9,49.1,48.3
94939,6859,3068.6,94664,161317,2.14,0.1,89,1.1,3.9,6.6,46.4,46.5
94940,268,10.1,22279,56476,22.77,3.75,88.8,NA,0.4,14.2,51.5,54
94941,30496,1328.4,106752,160776,22.23,0.72,86.8,1.1,6.5,5.1,47.3,45.5
94945,17167,639,81661,113648,26.01,0.86,80.1,1.9,6.2,19.3,49.2,44.7
94946,699,15.5,158333,182973,43.68,1.39,89.3,0.7,1.7,11.7,52.2,47.7
94947,24283,1060.7,83873,107005,22.69,0.2,78,2.6,6,18.9,48,44.1
94949,17202,1058.3,83415,108021,15.03,1.23,74.3,3,6.7,22.1,48.2,41.7
94950,89,10.3,2499,20147,8.6,0,80.9,NA,1.1,15.7,51.7,51.5
94951,4124,281.4,91000,112264,14.66,0,87.7,0.9,2.5,11.1,50.2,45.2
94952,32858,181.1,74205,95416,180.24,1.16,85.5,1,2.1,16.7,49.8,42.1
94954,37365,581.4,78154,91191,62,2.27,77.9,1.6,5.7,24,49.1,39.4
94956,1756,25.2,59091,113380,58.41,11.26,85.1,0.8,1.3,19.3,45.6,51.1
94957,1332,1164.1,128313,265567,1.14,0,94.2,0.2,1.6,3.7,48,46.4
94960,15740,2652.7,106360,145436,5.93,0,90.5,0.8,3.7,5.4,47,45.3
94963,569,213.8,98221,112278,2.66,0,94.2,0.9,0.5,4.6,48.3,51.4
94964,5094,13066.7,82325,NA,0.39,0,40.4,39.3,1.4,19.5,97.6,40.8
94965,10847,609,102708,135866,13.52,4.29,78,10.1,6.2,6.4,47.1,47.9
94970,683,98.2,80114,87709,6.96,0,92.1,0.6,2.5,4.8,49.2,55.4
94971,337,23.6,54348,89439,12.38,1.92,93.5,0.6,1.5,8,46.3,49.8
94972,52,4.1,NA,NA,11.57,1.14,57.7,NA,NA,46.2,57.7,30.8
94973,1429,358.7,67386,112215,3.98,0,91.3,0.3,2,5.8,48.3,50.4
95002,2077,145.5,83125,94243,11.97,2.31,37.8,2.1,17.4,61.2,51,35.4
95003,23974,656.6,82612,102882,35.15,1.37,86.9,0.8,3.5,11.8,48.4,46.2
95004,3918,215.6,74890,110439,18.15,0.02,73.4,0.7,2,35.6,50.1,43.8
95005,6311,517.3,78438,95589,11.94,0.26,91,0.6,1.1,8.2,50.7,43.7
95006,8979,167.8,82462,98807,53.49,0,90.6,0.9,1.5,7.7,51.9,46
95007,676,1181.2,143447,148484,0.57,0,88.5,0.2,0.6,12.3,51.8,40.6
95008,45260,6981.9,83306,105661,6.39,0.09,66.2,3,17,18.1,49.1,38.5
95010,9137,5565.3,53220,79884,1.37,0.27,81.5,1.2,4.1,18.8,47.3,42.2
95013,80,52.4,NA,NA,1.53,0,37.5,NA,5,60,57.5,38.6
95014,60717,2243.7,125168,147786,26.93,0.13,31.5,0.7,63,3.8,49.4,39.5
95017,834,15.8,57500,78252,50,2.68,77.5,1.4,2.2,27.3,55,43.4
95018,7778,413.8,74091,90310,18.8,0,91,0.7,1.5,7.8,50.2,43.5
95019,7727,6364.1,40139,49861,1.21,0,43.9,0.9,2.8,83.2,49.7,28.3
95020,57349,365.7,80734,97387,155.94,0.89,59.8,1.8,6.8,56,49.9,33.3
95023,48841,118.2,64284,78960,412.35,0.75,63,0.9,2.6,58.7,50,33.4
95030,12791,1224.9,150355,217509,10.44,0,86,0.5,9.1,5,48.4,48.1
95032,25089,1565.7,122512,154043,15.89,0.14,79.6,0.9,12.3,7.7,48.3,43.7
95033,9372,101.4,120795,153747,91.68,0.74,90,0.4,3.7,7.2,51.7,46.7
95035,66943,2872.7,99527,113492,23.24,0.06,20.7,2.9,62.1,16.8,51.1,36.1
95037,45579,185.5,93604,122241,243.32,2.44,66.2,1.8,10,33.4,49.8,38
95039,1377,82.5,46944,56976,14.74,1.94,57.7,1.7,2,63.8,51.4,35.6
95045,4046,85.3,58625,81329,47.41,0.03,62.2,1,3.5,45.2,49.6,40.7
95046,6417,328.7,83844,118582,19.48,0.04,62.1,0.5,6.8,44.9,50.8,38.7
95050,35923,6807.6,65371,84184,5.28,0,55,3.3,23.5,25.8,50.3,33.9
95051,54327,8159.4,100375,114394,6.66,0,44.6,2.2,39.9,17.8,50.2,35.9
95053,2206,12925.5,NA,NA,0.17,0,63.6,3.8,17.7,18.5,46.6,19.7
95054,23364,3730.1,115068,127989,6.26,0,27.9,3,56.7,13.5,51.7,32.9
95060,46377,652.1,64232,90369,67.83,3.3,77.2,1.8,5.9,18.6,51.3,34.7
95062,36079,5709.7,60446,77252,5.05,1.27,78.4,1.3,3.7,22,49.4,38.5
95064,7331,3908.5,51678,63647,1.88,0,57.4,1.9,21.5,21.4,46.5,19.7
95065,8113,725.1,80269,113113,11.19,0,81.5,1.1,3.3,18.9,49,42.9
95066,14749,778.2,111542,123312,18.95,0,87,0.8,4.6,9.4,49.2,42.4
95070,30617,1199.8,156762,203896,25.49,0.02,54.3,0.3,40.9,3.5,48.9,47.8
95073,10154,478.9,68955,104066,21.2,0,84.5,0.7,2.8,15,49.1,45
95075,331,3.6,62500,102053,93.01,0.15,82.8,0.3,0.6,28.4,53.5,43.7
95076,82474,592.5,56620,71101,136.6,2.61,51.2,0.7,3.2,70.5,50.6,31.1
95110,18730,4013.7,63125,79215,4.67,0,46.4,3.7,10.1,63.1,57.3,31.7
95111,58466,10825.8,56400,69781,5.39,0.01,30.5,3.6,33.8,51.2,50.5,31.8
95112,55927,7885.1,48070,69909,7.09,0,44,4.4,23.5,44.5,53.8,30.4
95113,893,2618,19737,51372,0.34,0,43.1,15,32.6,13.3,53.1,38
95116,51496,14382.4,48838,60100,3.58,0,33.8,2.5,23.9,65.4,51.1,30.8
95117,30067,11692.8,64285,84424,2.57,0,49.8,5.3,20.4,34.8,50.6,33.6
95118,31932,7703.5,86471,102110,4.15,0,67.7,2.1,12.9,26.4,49.1,37.4
95119,9970,3520.2,110974,118519,2.83,0,58.9,3.6,18.6,29.7,50.4,36.8
95120,37457,925.5,148801,171065,39.76,0.72,63.3,0.8,29.6,6.9,49.7,44.4
95121,37469,8454,82568,100290,4.43,0,22.8,3.2,52.3,32.5,49.9,35.3
95122,56545,11856.7,56581,67116,4.77,0,28.5,2.4,30,62.7,51.4,30.1
95123,62228,7478.1,85494,100041,8.32,0,55.9,4.2,18.8,30.2,49.2,35.9
95124,47082,7166.5,104514,120841,6.57,0,72,1.6,13.8,17.3,49.6,39.7
95125,51939,6488.5,95316,130583,8,0,69.1,3.1,11.5,25.2,48.4,39.9
95126,31049,9458.8,69407,94710,3.28,0,54.5,5.4,14,38.3,50.7,33.3
95127,61325,4713.1,69365,86953,13.01,0,40.6,2.3,20.8,59.1,51.1,32.9
95128,34836,8922.8,65805,91481,3.9,0,57.4,4.3,13.9,37.2,49.9,35.1
95129,38720,8581.5,102701,123721,4.51,0,34.1,1.4,57.7,7.3,49.2,39.4
95130,13911,8929.9,98819,111725,1.56,0,57.5,3.4,25,18.3,49.9,38.2
95131,28565,4913.1,102954,118843,5.81,0,16.4,2.7,70.4,13.6,50.2,35.8
95132,40299,760.4,93896,105020,50.97,2.03,24.3,2.5,60.6,17,50,38.3
95133,25401,7982.3,67444,86580,3.18,0,19.6,2.5,60.8,24.5,49.3,36.1
95134,15268,1562.2,104814,119323,9.48,0.29,33.7,4.2,50.8,14,52,31.9
95135,20120,657.7,113806,134791,30.59,0,36.8,2.1,52.6,11.3,47.9,43.5
95136,42989,9072.2,87564,104888,4.73,0,47.3,5,27.7,28.2,49,34.8
95138,18889,724.6,144912,191938,26.07,0,37.4,3.1,46.8,17.1,48.8,36.7
95139,6748,5482.1,95000,113708,1.23,0,60.6,3.9,15.7,28.2,50.3,37.4
95140,191,1.5,162167,148348,123.73,0.08,84.8,1.1,3.7,4.7,57.6,47.3
95148,45528,4782.4,105577,121847,9.42,0.1,21.3,3.2,57.2,26.4,50,36.6
95206,65004,425.6,43454,54231,144.92,7.8,23.8,14.7,18.9,56.5,49.9,27.7
95219,27884,431.5,75992,99636,56.86,7.76,54.1,9.4,20.7,23.5,48.1,36
95234,70,2,NA,NA,33.59,2.12,44.3,1.4,NA,90,57.1,25.5
95304,15706,96.4,78904,102837,159.44,3.49,65.7,10,7.4,29,62.4,37.2
95322,8942,49.3,43187,55855,174.18,7.26,68.7,1.2,1.7,53.9,51.3,33.8
95360,11712,34.8,44252,53896,334.72,1.68,67.1,2.1,1.7,61.1,49.8,31
95363,25237,213.3,56485,70924,118.04,0.3,51.5,5.7,4.7,58.3,50.8,29.9
95376,49859,6530.1,63446,78960,7.64,0,56.3,6.7,8.7,42.7,49.7,32.3
95377,30902,285.9,96548,106521,108.05,0.03,47.3,7.6,23.7,28.8,49.6,32.3
95387,636,5.5,44647,51208,115.89,0.03,47,0.5,3.3,77.8,52,29.1
95391,9959,412,105357,110042,23.75,0.42,36.8,9.1,38.5,17.6,49.7,31.5
95401,36981,1791.7,54840,66881,20.62,0.02,67.1,2.3,4.3,35.9,49.7,34
95403,45164,2046.6,58960,78963,22.01,0.06,70.9,2.7,5.6,28.2,49.8,36.3
95404,39761,497,66049,91225,79.97,0.02,78.2,1.9,4.1,21.6,48.5,40.5
95405,21399,3907.5,69018,88264,5.48,0,84,1.4,3.3,13.1,47,42.9
95407,39352,1734.6,54781,67399,22.68,0,53.6,3,6.3,51.6,51.5,30.4
95409,27187,703.7,65757,83484,38.37,0.26,84.6,1.6,4.1,11.9,46.4,49.3
95412,401,4.7,43125,50531,85.68,0,66.8,NA,0.5,26.7,51.9,44.1
95421,1592,7.3,63125,79646,216.63,0.31,87.9,0.2,2.5,9.4,52.8,51.5
95425,10841,51.2,57155,73673,205.71,5.9,76.8,0.5,1.1,29.9,50.3,41.8
95426,2147,105.8,60968,69185,20.28,0.01,91.2,0.7,0.7,6.3,51.2,50.2
95430,44,185.2,NA,NA,0.24,0,81.8,NA,NA,18.2,40.9,58
95436,5418,232.4,50654,63354,22.98,0.33,88.6,0.8,1.4,11.7,51.1,47.4
95439,675,246.5,48750,76061,2.74,0,72.3,0.4,1.6,28,50.2,42.9
95441,2014,19.4,61652,88288,101.91,1.82,74.3,0.4,0.9,38.1,54.6,42.1
95442,3178,129.9,56170,103011,24.41,0.06,86.6,0.6,2.2,14.9,49.8,49.8
95444,748,2764.1,71747,87560,0.27,0,76.2,0.1,2,27.8,47.5,43.7
95445,2093,23.7,37500,54560,85.54,2.84,84.4,0.3,1,19.2,50.1,51.8
95446,4750,143.6,41267,59155,32.92,0.17,87.7,0.7,1,11.3,54.5,49.1
95448,16852,89.1,64004,91080,188.5,0.56,77.2,0.6,1.3,29.1,50.2,43.5
95449,1507,11.5,29125,50178,130.59,0.37,67.5,0.5,0.9,30.9,54.5,39.2
95450,387,14,50500,76441,27.45,0.27,92.8,0.8,1,7.8,54,55.6
95451,11213,110.4,44644,58020,96.18,5.4,79.8,1,1,21.9,50,44.6
95452,1393,96.9,63180,144757,14.37,0,91.4,0.4,1.9,7,49.6,54.3
95457,2893,19,45862,60408,148.41,4.22,84.4,2.2,0.7,13.2,52.1,49
95461,3413,27.1,52917,68471,125.22,0.71,83,0.6,1,16.9,52,45.7
95462,1417,231.1,36900,49616,5.87,0.26,90.3,0.7,1.1,6.8,53.1,51.6
95465,2083,49.3,74429,100122,41.71,0.56,90.3,0.4,1.4,6.7,51.1,50
95467,5498,551.5,63958,76403,9.81,0.15,86.6,1.2,1.4,13,49.3,41.2
95471,522,362,41923,44377,1.44,0,84.9,0.8,1.3,10.9,53.5,47.6
95472,28255,408.4,70305,89449,69.14,0.04,89.9,0.8,1.7,10.2,48.2,48.8
95476,35394,313.8,58012,94132,111.99,0.82,80.4,0.5,2.1,28.2,48.1,44.9
95492,28532,1498.2,79017,92382,19.03,0.02,74,0.8,2.9,31.6,49.4,37.2
95497,1305,80.4,57400,87165,16.16,0.09,93.5,1.2,0.8,9,47.8,63.7
95606,196,5.4,175833,136648,36.32,0,69.4,1,1.5,16.8,52.6,40.8
95607,431,3.2,105433,84018,134.25,0.25,78,1.2,1.6,16.9,51.7,49.5
95612,1239,21.3,54167,66637,55.48,2.77,75.8,0.2,3.9,35.8,50.9,44
95615,834,34.7,60694,75121,23.24,0.83,67.6,0.1,2.3,54.3,53,37.9
95616,47032,1705.2,47946,78428,27.56,0.02,63.1,2.2,23.5,12,46.6,23.4
95618,27281,778.8,82490,107864,34.93,0.1,64.8,2.4,21.8,13.3,48.7,28.4
95620,20553,84.3,71043,80236,240.76,2.91,70.9,2.8,3.5,41.5,49.8,33.6
95625,155,134.2,73702,66093,1.15,0,81.9,NA,1.3,18.1,55.5,41.7
95637,370,17.5,78029,82147,21.09,0,74.1,9.7,0.3,20,50,52.7
95641,1986,42.2,35417,48280,44.62,2.48,74.8,1.3,3.7,29.8,53.1,50
95679,55,1.2,NA,NA,45.9,0.27,94.6,NA,1.8,10.9,50.9,47.1
95680,146,70.7,NA,NA,2.01,0.05,60.3,NA,2.1,55.5,52.7,33.7
95687,65096,1487.6,72555,84775,43.52,0.24,64.4,12.6,6.4,21.5,54.6,37.9
95688,34379,422,80727,99957,81.19,0.29,72.8,4.4,4.9,24.5,49.4,37.9
95690,2533,42.1,64681,91912,57.28,2.93,63.8,1.2,5.2,50.7,53.4,39
95694,9156,61.2,64815,82610,149.21,0.37,70.8,0.8,1.1,49.1,50.8,37.7
