"","zip","X1br_rent","X2br_rent","X3br_rent","studio_rent","all_rent","X1br_availability","X2br_availability","X3br_availability","studio_availability","population","population_density","median_household_income","mean_household_income","land_area","water_area","white","black","asian","hispanic","male_population","median_age","missing_X1br_rent","missing_X2br_rent","missing_X3br_rent","missing_studio_rent","missing_all_rent","missing_median_household_income","missing_mean_household_income","missing_black","missing_asian"
"1",93635,2222.27441520177,2843.85875670099,1562.81000412866,2269.58319943235,2541.81684576135,0,1,1,0,38776,144.8,48542,61533,259.19,8.53,59.4,3.6,3.1,64.1,50.1,30.2,TRUE,TRUE,TRUE,TRUE,TRUE,FALSE,FALSE,FALSE,FALSE
"2",94002,2175,2700,3950,2075,2485,39,33,17,17,25992,4582.5,102611,130855,5.66,0.01,67.5,1.6,19.9,11.7,48.8,40.9,FALSE,FALSE,FALSE,FALSE,FALSE,FALSE,FALSE,FALSE,FALSE
"3",94005,2000,2900,3455.30176780836,1570,2400,3,6,1,3,4282,937.3,79171,113108,4.4,0.17,60.2,1.9,25.3,16.6,50.2,41.7,FALSE,FALSE,TRUE,FALSE,FALSE,FALSE,FALSE,FALSE,FALSE
"4",94010,2197,2937,4795,1850,2397,62,48,11,13,40737,3416.6,96786,175786,11.84,0.09,67.6,1,22.4,10.8,47.9,42.3,FALSE,FALSE,FALSE,FALSE,FALSE,FALSE,FALSE,FALSE,FALSE
"5",94014,1800,3125,2900,1650,2679,33,35,29,4,47014,7454.3,68495,84273,6.31,0,24.9,3.5,49,34.2,49.6,37.5,FALSE,FALSE,FALSE,FALSE,FALSE,FALSE,FALSE,FALSE,FALSE
"6",94015,1900,2745,3500,1725,2200,37,32,18,13,60927,10575.5,76954,91355,5.76,0,24,3.5,59,16.2,49.1,39.1,FALSE,FALSE,FALSE,FALSE,FALSE,FALSE,FALSE,FALSE,FALSE
"7",94019,2700,3425,3500,2367.17729681486,3375,6,10,5,1,18424,346.6,96172,131635,52.6,0.56,76.8,0.8,3.9,29.7,49.3,42.3,FALSE,FALSE,FALSE,TRUE,FALSE,FALSE,FALSE,FALSE,FALSE
"8",94020,2603.95744236192,3674.28720588094,4251.74696179359,1724.6464387414,3370.76136320294,1,0,0,0,1559,27.8999999999996,122024,142744,55.77,0.03,88.1,1.1,2.6,8.5,52.7,48.6,TRUE,TRUE,TRUE,TRUE,TRUE,FALSE,FALSE,FALSE,FALSE
"9",94021,2367.75068545988,2723.46847703069,3237.47587958767,2107.98353203878,2728.46962867934,0,0,0,0,192,42.3999999999996,91458,83749,4.53,0,88,1,3.1,15.6,49,38,TRUE,TRUE,TRUE,TRUE,TRUE,FALSE,FALSE,FALSE,FALSE
"10",94022,3500,3700,5495,2948.92112610125,3897,7,12,11,0,18500,1057.9,154243,234872,17.49,0,71,0.5,23.6,3.3,48.3,48.2,FALSE,FALSE,FALSE,TRUE,FALSE,FALSE,FALSE,FALSE,FALSE
"11",94024,1895,3100,5000,1888.67026694843,3325,11,8,11,2,22385,3065.8,166742,228696,7.3,0,69.3,0.5,24.7,4,48.9,46.3,FALSE,FALSE,FALSE,TRUE,FALSE,FALSE,FALSE,FALSE,FALSE
"12",94025,2325,3280,4703,1850,2995,68,95,34,23,40526,3447.7,114149,171793,11.75,0,71,4.1,9.7,19,48.7,39,FALSE,FALSE,FALSE,FALSE,FALSE,FALSE,FALSE,FALSE,FALSE
"13",94027,2975,3000,6987.77148228807,2259.7970108582,2987,5,5,1,1,7089,1355.6,218214,391327,5.2,0.03,80.5,1.1,13.2,4,49,48.3,FALSE,FALSE,TRUE,TRUE,FALSE,FALSE,FALSE,FALSE,FALSE
"14",94028,2718.41513029587,3577.60059773977,6123.44007129235,947.835281891875,3400,1,2,2,1,6534,425.8,162271,320475,15.24,0.11,89.4,0.4,5.9,4.7,49.5,50,TRUE,TRUE,TRUE,TRUE,FALSE,FALSE,FALSE,FALSE,FALSE
"15",94030,1937,3395,4295,2179.56994941311,3395,12,36,14,1,21536,6337.4,86364,108474,3.39,0.01,47.3,0.8,42.7,11.9,47.4,44.8,FALSE,FALSE,FALSE,TRUE,FALSE,FALSE,FALSE,FALSE,FALSE
"16",94037,2244.41827137267,3021.2911362395,4171.20758134118,1528.34742340878,2977.29157479762,1,1,0,0,2913,503.5,119537,128776,5.79,0,85.5,0.6,4.9,11.3,48.1,46,TRUE,TRUE,TRUE,TRUE,TRUE,FALSE,FALSE,FALSE,FALSE
"17",94038,2866.83183194793,3676.41910780463,3800,1824.46598490378,3800,0,0,3,0,3040,1929,80469,111481,1.58,0,73.6,0.8,3.8,29.2,49.8,43.1,TRUE,TRUE,FALSE,TRUE,FALSE,FALSE,FALSE,FALSE,FALSE
"18",94040,2150,2795,4250,1775,2395,163,102,19,21,32996,8944.6,95072,123840,3.69,0,55.5,1.8,27.2,20.8,50.8,35.7,FALSE,FALSE,FALSE,FALSE,FALSE,FALSE,FALSE,FALSE,FALSE
"19",94041,2411,3100,4900,1587,3000,56,59,21,4,13292,8688.8,87231,122034,1.53,0,59.9,2.2,21.6,24.8,51.6,35.3,FALSE,FALSE,FALSE,FALSE,FALSE,FALSE,FALSE,FALSE,FALSE
"20",94043,2250,2995,4387,1825,2975,65,97,54,15,28358,2656.8,94038,118828,10.67,0,55.2,3.1,26,21,50.7,36.2,FALSE,FALSE,FALSE,FALSE,FALSE,FALSE,FALSE,FALSE,FALSE
"21",94044,2297,2665,3350,2618,2600,36,88,14,7,37296,2542.8,96014,113061,14.67,0,64.9,2.6,19.4,16.8,48.9,41.5,FALSE,FALSE,FALSE,FALSE,FALSE,FALSE,FALSE,FALSE,FALSE
"22",94060,2203.51009912777,3008.00594560741,4072.00175241642,1707.1630024511,2777.1110193884,0,0,0,0,1554,21.1999999999998,101319,134588,72.95,0.34,63.4,1,0.9,51.6,54.3,38,TRUE,TRUE,TRUE,TRUE,TRUE,FALSE,FALSE,FALSE,FALSE
"23",94061,2170,2795,4172,1525,2350,51,43,12,8,36245,9385.7,75033,99343,3.86,0,65,2.2,6.4,38.7,48.9,37,FALSE,FALSE,FALSE,FALSE,FALSE,FALSE,FALSE,FALSE,FALSE
"24",94062,2100,3200,4275,1795,2335,43,11,18,7,25876,360.3,122260,192162,70.89,0.94,81.7,1.1,6.7,14.5,49.1,44.8,FALSE,FALSE,FALSE,FALSE,FALSE,FALSE,FALSE,FALSE,FALSE
"25",94063,3050,3772,4605,1700,3420,71,70,23,8,30949,3906.3,51690,70811,6.82,1.1,46,2.9,4.9,71,53.4,31,FALSE,FALSE,FALSE,FALSE,FALSE,FALSE,FALSE,FALSE,FALSE
"26",94065,2560,3450,4208.20335168542,2412.91423134218,3195,12,15,0,0,11359,3673.4,133981,155720,2.44,0.65,54,1.9,35.8,7.7,47.7,40.1,FALSE,FALSE,TRUE,TRUE,FALSE,FALSE,FALSE,FALSE,FALSE
"27",94066,2860,3195,3575,1575,2950,77,53,16,11,41130,6706,78521,94655,6.13,0,49.5,2.3,25.4,29.2,49.3,38.8,FALSE,FALSE,FALSE,FALSE,FALSE,FALSE,FALSE,FALSE,FALSE
"28",94070,1875,2600,3900,1737,1997,33,31,10,6,29166,4747.2,120579,155509,6.14,0,79.3,0.8,11.5,10,48.3,42.7,FALSE,FALSE,FALSE,FALSE,FALSE,FALSE,FALSE,FALSE,FALSE
"29",94074,2901.6942412059,3427.2612475253,4875.00153392302,1490.492876534,3685.34716111273,0,0,0,0,214,11.5,162950,116295,18.54,0.03,87.9,0.5,5.6,9.4,56.5,43,TRUE,TRUE,TRUE,TRUE,TRUE,FALSE,FALSE,FALSE,FALSE
"30",94080,1975,2700,3495,1734.57189342785,2665,26,39,25,0,63975,6158.2,73927,90882,10.28,0.11,37.4,2.5,36.6,34,49.4,38.1,FALSE,FALSE,FALSE,TRUE,FALSE,FALSE,FALSE,FALSE,FALSE
"31",94085,2322,3045,3250,1795,2619,66,71,21,11,21247,6087.9,94870,102730,3.49,0,39.9,2,34.3,36.8,52.5,32.1,FALSE,FALSE,FALSE,FALSE,FALSE,FALSE,FALSE,FALSE,FALSE
"32",94086,2314,2716,3619,1860,2454,182,155,28,7,45697,10187.2,92931,111753,4.49,0,39.8,2.5,42,21.3,51.2,33.8,FALSE,FALSE,FALSE,FALSE,FALSE,FALSE,FALSE,FALSE,FALSE
"33",94087,2199,2764,4000,1802,2764,55,62,41,4,54293,8248,110348,135069,6.58,0,47.2,1.4,43.1,9,49.2,38.8,FALSE,FALSE,FALSE,FALSE,FALSE,FALSE,FALSE,FALSE,FALSE
"34",94089,2556,3404,3219,2625,2902,55,41,14,4,19245,3205,80625,96423,5.99,0.01,41.9,2.3,39.1,22.2,49.4,37.4,FALSE,FALSE,FALSE,FALSE,FALSE,FALSE,FALSE,FALSE,FALSE
"35",94102,3497,4687,6075,2195,3495,142,94,6,96,31176,46472.4,22252,48334,0.670000000000002,0,45.4,13.9,25.4,18.9,59.9,40.9,FALSE,FALSE,FALSE,FALSE,FALSE,FALSE,FALSE,FALSE,FALSE
"36",94103,3600,4500,5697,2576,3777,201,110,12,50,27170,20036.1,44145,73372,1.36,0,47.1,11,25.6,21.9,60.1,39.3,FALSE,FALSE,FALSE,FALSE,FALSE,FALSE,FALSE,FALSE,FALSE
"37",94104,2613.62791382829,3344.83982088573,4329.71070858558,2360.33464294002,3217.76577833907,0,2,0,0,406,5232.1,26223,96572,0.0800000000000018,0,34.5,3,55.7,7.6,53.7,47.6,TRUE,TRUE,TRUE,TRUE,TRUE,FALSE,FALSE,FALSE,FALSE
"38",94105,3950,6000,6300,3112,4307,112,87,7,22,5846,12966.2,142389,211655,0.370000000000005,0.0799999999999998,56.7,2.2,34.9,5.9,56.2,35.5,FALSE,FALSE,FALSE,FALSE,FALSE,FALSE,FALSE,FALSE,FALSE
"39",94107,3595,4600,6190,2597,3895,183,135,23,34,26599,14131.4,117556,150750,1.79,0.09,59.2,6.7,24.2,10.4,53.9,36.2,FALSE,FALSE,FALSE,FALSE,FALSE,FALSE,FALSE,FALSE,FALSE
"40",94108,3395,4145,6520.48155131353,2087,3050,65,22,2,38,13768,50982.6,33979,84788,0.269999999999996,0,35.3,1.9,57.8,5.9,48.3,43.8,FALSE,FALSE,TRUE,FALSE,FALSE,FALSE,FALSE,FALSE,FALSE
"41",94109,3195,4200,6095,1995,3400,281,187,35,165,55984,43000.4,58915,93415,1.19,0.11,59.5,4,27.3,10.9,50.9,37.6,FALSE,FALSE,FALSE,FALSE,FALSE,FALSE,FALSE,FALSE,FALSE
"42",94110,3165,4095,5000,2350,3700,104,110,49,38,69333,29756.1,79516,106657,2.33,0,58.5,3.7,12.8,38.4,52.5,36.2,FALSE,FALSE,FALSE,FALSE,FALSE,FALSE,FALSE,FALSE,FALSE
"43",94111,3751,5336,6275.64403847445,3243,3845,17,14,1,10,3713,6940.8,93393,137929,0.340000000000003,0.19,57.6,2.2,36.4,5.2,53.3,51.4,FALSE,FALSE,TRUE,FALSE,FALSE,FALSE,FALSE,FALSE,FALSE
"44",94112,2222,3000,4250,1650,2775,40,61,29,15,79407,23605.5,72396,88251,3.36,0,26.4,4.2,49.6,29.2,49.6,39.8,FALSE,FALSE,FALSE,FALSE,FALSE,FALSE,FALSE,FALSE,FALSE
"45",94114,3295,4600,6500,2195,4000,121,102,44,19,31124,21836.9,115734,151865,1.43,0,79.5,1.9,10.3,9.4,59.1,40.4,FALSE,FALSE,FALSE,FALSE,FALSE,FALSE,FALSE,FALSE,FALSE
"46",94115,3345,4450,6350,2300,3800,103,119,36,40,33021,29595.7,73797,123781,1.12,0,60.8,12.5,19,7.9,47,36.9,FALSE,FALSE,FALSE,FALSE,FALSE,FALSE,FALSE,FALSE,FALSE
"47",94116,1787,2825,4247,1595,2595,26,50,14,5,43698,16659,82648,111568,2.59,0.04,38.1,1.2,54.9,6.1,48.5,43.3,FALSE,FALSE,FALSE,FALSE,FALSE,FALSE,FALSE,FALSE,FALSE
"48",94117,2900,4250,5400,2100,3690,90,100,43,27,39169,23202.4,91303,122381,1.69,0,73.7,6.2,11.1,10,50.8,33.8,FALSE,FALSE,FALSE,FALSE,FALSE,FALSE,FALSE,FALSE,FALSE
"49",94118,2800,3700,4995,2125,3500,65,103,37,20,38319,19435.1,81545,127332,1.95,0.02,55.9,1.7,35.2,6.4,47.2,38.6,FALSE,FALSE,FALSE,FALSE,FALSE,FALSE,FALSE,FALSE,FALSE
"50",94121,2400,3200,4000,1745,2750,69,67,19,14,41203,13268.2,72371,100179,3.08,0.02,45.8,1.7,45.7,6.1,48.1,42.4,FALSE,FALSE,FALSE,FALSE,FALSE,FALSE,FALSE,FALSE,FALSE
"51",94122,2400,3300,3900,2000,2995,82,77,38,19,56023,23699.3,77889,99387,2.36,0,43,1.5,49,6.1,48.5,39.1,FALSE,FALSE,FALSE,FALSE,FALSE,FALSE,FALSE,FALSE,FALSE
"52",94123,3200,4995,7250,2350,3600,113,93,23,39,23088,20863.4,107226,153773,1.02,0.09,84.3,0.8,10.5,5.4,46.1,35,FALSE,FALSE,FALSE,FALSE,FALSE,FALSE,FALSE,FALSE,FALSE
"53",94124,1925,2872,3350,1878.94563300254,2990,4,22,9,1,33996,5656.5,46692,66734,4.93,1.08,12.1,33.7,30.7,25,48.8,34.6,FALSE,FALSE,FALSE,TRUE,FALSE,FALSE,FALSE,FALSE,FALSE
"54",94127,2325,3500,4800,1661.25020058287,3700,12,7,19,1,19289,10872.7,128079,162704,1.77,0,60.4,3.4,28,8.9,50.2,45.6,FALSE,FALSE,FALSE,TRUE,FALSE,FALSE,FALSE,FALSE,FALSE
"55",94128,3097.04281551792,3476.84679501309,4069.86678392618,1640.45551286723,3005.93529886957,0,0,0,0,69,19.6000000000004,115179.324630494,175125.487101937,3.52,0.01,56.5,8.7,7.3,30.4,72.5,46.5,TRUE,TRUE,TRUE,TRUE,TRUE,TRUE,TRUE,FALSE,FALSE
"56",94129,3362,5605,5148.27560194776,3257.46338239354,3751,9,7,0,0,3183,1377.8,121313,178646,2.3,0.01,80.1,2.2,7.9,7.8,52.3,30,FALSE,FALSE,TRUE,TRUE,FALSE,FALSE,FALSE,FALSE,FALSE
"57",94130,3690,4243.91115618875,4227.78106087731,2751.77167341899,3690,5,0,0,0,2880,3196.2,36553,66509,0.900000000000002,0,35.1,25.1,18.2,23,54.2,26.2,FALSE,TRUE,TRUE,TRUE,FALSE,FALSE,FALSE,FALSE,FALSE
"58",94131,2895,3800,5550,2125,3695,49,50,37,10,26881,12806.1,94770,123938,2.07999999999999,0.02,67.3,4.6,18.5,12.6,52.3,42.3,FALSE,FALSE,FALSE,FALSE,FALSE,FALSE,FALSE,FALSE,FALSE
"59",94132,2580,3137,4170,1949,2850,42,30,26,5,28129,7788.4,67943,89203,3.11,0.5,39.6,8.6,40.7,11.6,46.2,32.9,FALSE,FALSE,FALSE,FALSE,FALSE,FALSE,FALSE,FALSE,FALSE
"60",94133,3000,4600,6550,2459,3575,74,73,13,16,26237,26110.9,46841,83652,0.760000000000005,0.25,41.4,2.2,51.8,5,49.2,43.9,FALSE,FALSE,FALSE,FALSE,FALSE,FALSE,FALSE,FALSE,FALSE
"61",94134,1425,2800,3500,1845,2700,11,27,17,4,40798,16755.9,59690,77257,2.4,0.04,16.2,9.6,56.4,21.4,48.9,39.5,FALSE,FALSE,FALSE,FALSE,FALSE,FALSE,FALSE,FALSE,FALSE
"62",94158,3635,4849,4392.63860047844,3207,3818,62,42,0,9,4792,4075.2,64594,99614,0.66,0.52,47.6,3.7,40.5,7.3,54.7,33.1,FALSE,FALSE,TRUE,FALSE,FALSE,FALSE,FALSE,FALSE,FALSE
"63",94301,2825,3825,5650,2195,3500,46,52,20,16,16995,7161.3,135709,228159,2.37,0,75.9,2,16.2,5,49.7,43.2,FALSE,FALSE,FALSE,FALSE,FALSE,FALSE,FALSE,FALSE,FALSE
"64",94303,1894,2595,4725,1565,2440,52,16,40,16,45467,5230.1,76813,123603,7.96,0.73,39.8,10.9,15.4,41.8,49.8,32.4,FALSE,FALSE,FALSE,FALSE,FALSE,FALSE,FALSE,FALSE,FALSE
"65",94304,2875,4475,4910.16397349873,2660,3765,5,9,0,3,3627,556.6,104531,154392,6.5,0.02,65.6,1.9,27.5,4.8,48.1,39.6,FALSE,FALSE,TRUE,FALSE,FALSE,FALSE,FALSE,FALSE,FALSE
"66",94305,2879.86030432215,4000,4378.71330727591,1927.41729027944,3750,1,3,0,0,13862,2679.7,55543,119000,5.13,0.05,57.5,4.7,27.3,10.4,54.2,22.6,TRUE,FALSE,TRUE,TRUE,FALSE,FALSE,FALSE,FALSE,FALSE
"67",94306,2095,3400,4900,1945,2950,76,92,34,14,26469,6322.1,111432,151297,4.19,0,60.6,2.1,29.5,7.8,48.9,41.4,FALSE,FALSE,FALSE,FALSE,FALSE,FALSE,FALSE,FALSE,FALSE
"68",94401,2250,2950,4249,1775,2559,79,77,8,8,34429,8154.2,73023,92267,3.15,1.08,48,3.6,15.9,40.8,50.1,36.1,FALSE,FALSE,FALSE,FALSE,FALSE,FALSE,FALSE,FALSE,FALSE
"69",94402,2312,2898,5022,1980,2700,24,42,10,6,23981,4933.6,108701,151964,4.86,0,68.3,1.2,18.5,14.7,48.5,42.2,FALSE,FALSE,FALSE,FALSE,FALSE,FALSE,FALSE,FALSE,FALSE
"70",94403,2529,3317,3662,1943,3000,97,125,58,17,39642,6836.6,92123,116979,5.63,0.17,60.7,2,21.6,20.8,48.3,39.6,FALSE,FALSE,FALSE,FALSE,FALSE,FALSE,FALSE,FALSE,FALSE
"71",94404,2503,3071,4200,2019,2763,259,248,25,5,33749,6943,114451,134831,4.26,0.6,46.9,1.9,43.5,6.9,48.1,39.5,FALSE,FALSE,FALSE,FALSE,FALSE,FALSE,FALSE,FALSE,FALSE
"72",94501,1750,2150,2950,2067,2050,71,67,21,17,60212,5278.4,71096,90619,7.93,3.48,51.9,7.2,28.5,11.9,47.9,40,FALSE,FALSE,FALSE,FALSE,FALSE,FALSE,FALSE,FALSE,FALSE
"73",94502,2378,3441.37516111166,4113.21062703304,1787.76254111727,2970,5,1,1,0,13600,3514,115428,139217,2.68,1.19,45.6,3,43.2,6.7,47.8,44.9,FALSE,TRUE,TRUE,TRUE,FALSE,FALSE,FALSE,FALSE,FALSE
"74",94503,1667,1619,1999,1513.98513847564,1697,3,7,4,0,19681,1258.3,82205,97702,12.96,2.69,39.1,7.9,32.6,25.9,49,35.6,FALSE,FALSE,FALSE,TRUE,FALSE,FALSE,FALSE,FALSE,FALSE
"75",94505,1091.8956209569,1191.34977922949,2075,387.630952785183,1950,1,2,4,0,13403,620.9,107972,129267,16.27,5.32,81.5,4.1,3.9,15.7,50.3,39.6,TRUE,TRUE,FALSE,TRUE,FALSE,FALSE,FALSE,FALSE,FALSE
"76",94506,1871.4818484093,2308,3650,1518.4455538967,2315,1,14,9,0,22452,1194.3,164873,200408,18.79,0.01,71.9,1.6,20.9,6,48.5,43.4,TRUE,FALSE,FALSE,TRUE,FALSE,FALSE,FALSE,FALSE,FALSE
"77",94507,2488.01500408554,2649.9976136558,3750,1062.73779855293,3350,1,1,6,0,14889,1172.5,149973,215229,12.7,0,87,0.5,8.1,5.8,49.6,47.9,TRUE,TRUE,FALSE,TRUE,FALSE,FALSE,FALSE,FALSE,FALSE
"78",94508,1298.35317912519,1319.07711853987,1286.8771851991,975,932,1,0,0,3,3661,207.9,63393,81555,17.45,0.16,72.7,4.2,9.6,18.8,50.5,27.6,TRUE,TRUE,TRUE,FALSE,FALSE,FALSE,FALSE,FALSE,FALSE
"79",94509,1050,1295,1595,843.289024049894,1385,27,55,39,2,62439,3505.1,54441,66067,16.43,1.38,55.1,13.9,6.1,35.7,48.8,33.8,FALSE,FALSE,FALSE,TRUE,FALSE,FALSE,FALSE,FALSE,FALSE
"80",94510,1250,1650,2200,1495.36103484015,1650,16,24,15,0,27088,865.1,88904,108949,27.95,3.36,72.5,5.6,11.1,12,48.1,42.9,FALSE,FALSE,FALSE,TRUE,FALSE,FALSE,FALSE,FALSE,FALSE
"81",94511,2058.26433387687,2794.93738261299,4173.55418312111,1799.19759854946,2643.98163955626,0,1,0,1,2137,384.1,33771,57414,5.56,0,86.2,1.9,2.2,13.1,53.5,52.8,TRUE,TRUE,TRUE,TRUE,TRUE,FALSE,FALSE,FALSE,FALSE
"82",94512,2151.26136005318,2826.17720127127,3979.5824866933,1869.77186270522,2590.44656596454,0,0,0,0,108,5.39999999999964,153359,136158,20.16,0.01,73.2,1.9,3.7,23.2,55.6,47,TRUE,TRUE,TRUE,TRUE,TRUE,FALSE,FALSE,FALSE,FALSE
"83",94513,1362,1595,1950,1794.20575245848,1850,6,7,23,1,54605,703.6,88219,100523,75.66,1.95,68.4,6.3,7.6,27.2,48.7,35.9,FALSE,FALSE,FALSE,TRUE,FALSE,FALSE,FALSE,FALSE,FALSE
"84",94514,1981.29414816559,2938.68935162571,3457.0138770158,1245.79681851393,2637.83957530081,0,0,2,0,1360,47.1000000000004,52031,62372,28.71,0.18,70.8,4.6,1.2,38.5,53.1,33,TRUE,TRUE,TRUE,TRUE,TRUE,FALSE,FALSE,FALSE,FALSE
"85",94515,1147,3400,2600,1090.81470363641,2500,4,5,5,0,7050,66.6000000000004,56688,92299,105.65,0.18,76.6,0.5,1.3,41.1,50.4,43.4,FALSE,FALSE,FALSE,TRUE,FALSE,FALSE,FALSE,FALSE,FALSE
"86",94516,2069.52869418768,2637.89470294937,4091.54098696515,1256.17267102773,2449.92950871535,0,0,0,0,211,241.3,98438,107126,0.870000000000001,0,89.1,1,5.7,1,55,43.6,TRUE,TRUE,TRUE,TRUE,TRUE,FALSE,FALSE,FALSE,FALSE
"87",94517,1663.10109847003,2533.24546721252,2600,571.665585898721,2600,0,1,3,1,12385,216.5,115570,135099,57.22,0,84.7,1.5,6.1,9.5,49.1,45.1,TRUE,TRUE,FALSE,TRUE,FALSE,FALSE,FALSE,FALSE,FALSE
"88",94518,1574,1886,2050,1584.15537333913,1870,18,26,10,0,26778,4925.3,71663,88213,5.44,0,67.7,3.2,12,23,49.4,40.6,FALSE,FALSE,FALSE,TRUE,FALSE,FALSE,FALSE,FALSE,FALSE
"89",94519,1624.58545668579,1572,2147,856.683274603736,2100,1,4,18,0,18453,4220.8,71262,86652,4.37,0,70.4,2.7,9.3,24.5,49.9,38.5,TRUE,FALSE,FALSE,TRUE,FALSE,FALSE,FALSE,FALSE,FALSE
"90",94520,1350,1605,2300,1045,1645,63,78,14,4,37208,3688,48116,59054,10.09,0,53.1,5.1,8.6,52.9,51.8,31.1,FALSE,FALSE,FALSE,FALSE,FALSE,FALSE,FALSE,FALSE,FALSE
"91",94521,1400,1700,2237,1149.91927205129,1795,10,24,16,1,41249,3182.2,81140,98747,12.96,0,70.9,2.8,13.3,17.6,48,41.1,FALSE,FALSE,FALSE,TRUE,FALSE,FALSE,FALSE,FALSE,FALSE
"92",94523,1830,2278,2905,1555,2198,62,125,26,10,33569,4639.7,77117,100916,7.24,0,74.9,2.1,13.7,12.1,48.5,40.7,FALSE,FALSE,FALSE,FALSE,FALSE,FALSE,FALSE,FALSE,FALSE
"93",94525,1169.22396597269,1506.3711551321,2500,473.141235164629,1562,1,2,3,0,3127,1021.5,81304,94581,2.35,0.71,79.8,4.9,3.5,15.8,48.9,45.7,TRUE,TRUE,FALSE,TRUE,FALSE,FALSE,FALSE,FALSE,FALSE
"94",94526,1670.91135803257,2265,3500,1306.31787124195,2265,1,15,9,0,31102,2082.9,120571,157341,14.93,0,85.5,0.7,8.4,6.9,48.5,45.5,TRUE,FALSE,FALSE,TRUE,FALSE,FALSE,FALSE,FALSE,FALSE
"95",94528,5802.21728734265,5609.26857499541,10062.11871601,4479.02739652697,5700.1127720553,0,0,0,0,964.000000000004,411.1,219688,543285,2.34,0,93.1,3.63951161856405,3.8,3.3,49,50.7,TRUE,TRUE,TRUE,TRUE,TRUE,FALSE,FALSE,TRUE,FALSE
"96",94530,1703,2187,2850,1120,1900,14,22,8,5,23877,4944.9,78915,98556,4.83,0,53.4,7.8,27.2,11.2,48.1,43.6,FALSE,FALSE,FALSE,FALSE,FALSE,FALSE,FALSE,FALSE,FALSE
"97",94531,1771,1737,1850,1504.30932834129,1795,18,14,18,0,40290,3677.7,90448,100379,10.96,0,39.6,22.3,17.2,25.4,48.5,33.7,FALSE,FALSE,FALSE,TRUE,FALSE,FALSE,FALSE,FALSE,FALSE
"98",94533,987,1392,1595,958.729237332374,1275,34,55,21,1,69277,3187.3,55561,67361,21.6,0.13,42,17.7,12.7,32.8,49,33.1,FALSE,FALSE,FALSE,TRUE,FALSE,FALSE,FALSE,FALSE,FALSE
"99",94534,1470,1754,2175,1284.208454564,1714,10,7,8,1,36416,456.6,95427,113566,79.16,0.6,55.2,11,19,16.8,49,39.3,FALSE,FALSE,FALSE,TRUE,FALSE,FALSE,FALSE,FALSE,FALSE
"100",94535,2151.44085156001,2400.53634509606,2055.81083995289,1832.96413213122,2251.4404962591,0,0,0,0,3793,993.3,52047,62841,3.81,0.01,64.4,12.2,7.2,15.6,56.1,22.1,TRUE,TRUE,TRUE,TRUE,TRUE,FALSE,FALSE,FALSE,FALSE
"101",94536,2052,2500,2650,1495,2359,90,118,25,5,68790,4716,85196,101918,14.58,0,41.3,4,38.7,18.2,49.5,36.6,FALSE,FALSE,FALSE,FALSE,FALSE,FALSE,FALSE,FALSE,FALSE
"102",94538,2144,2570,2985,1612,2340,165,147,40,8,61148,3675.3,81509,94143,16.46,0.18,36.9,4.1,41,22.3,50.2,34.4,FALSE,FALSE,FALSE,FALSE,FALSE,FALSE,FALSE,FALSE,FALSE
"103",94539,2187,2750,3200,2137.62768891095,2750,6,13,10,0,50031,1968.3,141319,158827,25.42,0,23.7,1.2,69.9,4.7,49.6,40.8,FALSE,FALSE,FALSE,TRUE,FALSE,FALSE,FALSE,FALSE,FALSE
"104",94541,1810,2135,2287,1757,1975,51,81,10,7,61635,8269.1,55193,69123,7.43,0.02,40.4,14.6,12.7,45,49.6,34,FALSE,FALSE,FALSE,FALSE,FALSE,FALSE,FALSE,FALSE,FALSE
"105",94542,1691,2450,2365.83716659894,1597.33601243029,1930,11,13,1,0,12717,2229.5,82658,106719,5.7,0,43.2,14.6,23.4,20.3,48.7,34.5,FALSE,FALSE,TRUE,TRUE,FALSE,FALSE,FALSE,FALSE,FALSE
"106",94544,1635,1965,2300,903.725527869136,1841,110,89,31,1,73026,6664.8,62176,73695,10.96,0,33.1,11.2,19.6,46.3,49.6,32.3,FALSE,FALSE,FALSE,TRUE,FALSE,FALSE,FALSE,FALSE,FALSE
"107",94545,1595,1909,2297,1911.1362267458,1946,11,13,18,2,29707,1221,68965,86850,21.54,2.79,28.6,9.5,35.2,30.8,49.1,36.8,FALSE,FALSE,FALSE,TRUE,FALSE,FALSE,FALSE,FALSE,FALSE
"108",94546,1530,1910,2345,1300.16684510126,1845,40,59,16,2,42209,4357.9,71986,93089,9.42,0.26,63.1,5.9,16.6,18.8,47.9,41.2,FALSE,FALSE,FALSE,TRUE,FALSE,FALSE,FALSE,FALSE,FALSE
"109",94547,1268.22350588734,1625,2600,943.893592358621,1850,0,8,6,0,24092,3842.6,92320,107018,5.44,0.83,22.1,18.9,45.5,14.6,47.4,39,TRUE,FALSE,FALSE,TRUE,FALSE,FALSE,FALSE,FALSE,FALSE
"110",94548,3202.62023492054,4364.06379714667,3920.603510125,3083.21366749846,3808.44771306018,0,0,0,0,411.999999999996,146.6,54375,72306,2.76,0.05,85.2,1.7,1.5,28.4,55.6,42.5,TRUE,TRUE,TRUE,TRUE,TRUE,FALSE,FALSE,FALSE,FALSE
"111",94549,1850,2380,3639,1300,2350,17,39,8,3,26864,1386.6,136868,177877,19.21,0.17,84.9,0.7,8.9,5.9,48.6,45.9,FALSE,FALSE,FALSE,FALSE,FALSE,FALSE,FALSE,FALSE,FALSE
"112",94550,1705,2250,2635,1807.15419688671,2234,12,47,13,0,46896,200.1,101315,124615,232.73,1.66,79.5,1.9,7.4,16.7,49.2,40.7,FALSE,FALSE,FALSE,TRUE,FALSE,FALSE,FALSE,FALSE,FALSE
"113",94551,1471,1811,2885,1156.72128728354,1953,10,22,18,2,36867,467,94353,108409,78.92,0.03,69.3,2.3,9.5,25.6,50.3,35.9,FALSE,FALSE,FALSE,TRUE,FALSE,FALSE,FALSE,FALSE,FALSE
"114",94552,2232.45604993916,2478.28664979213,3092,985.220906304383,2990,1,0,4,0,14454,321.8,136303,151055,44.9,0.02,50.2,4.1,37.1,9.5,48.6,43.3,TRUE,TRUE,FALSE,TRUE,FALSE,FALSE,FALSE,FALSE,FALSE
"115",94553,1581,1825,2600,1050,1669,37,43,4,5,47065,913.4,74708,90657,48.94,2.58,76.8,3.4,7.6,16.3,49.3,41.9,FALSE,FALSE,FALSE,FALSE,FALSE,FALSE,FALSE,FALSE,FALSE
"116",94555,1550,2385,2900,1792.41244626535,2400,5,18,16,2,34143,2621.8,109316,121076,11.61,1.41,22.1,3.7,63.5,9.4,49.6,36.3,FALSE,FALSE,FALSE,TRUE,FALSE,FALSE,FALSE,FALSE,FALSE
"117",94556,1425,2200,2975,1599.24082134038,2400,3,11,9,0,15229,1243.4,120051,162111,12.25,0,77,1.2,15.4,6,47.7,47,FALSE,FALSE,FALSE,TRUE,FALSE,FALSE,FALSE,FALSE,FALSE
"118",94558,1483,2200,2500,1125,2175,22,45,41,4,66830,173,71599,97011,355.76,30.45,77.3,1,2.4,32.4,50.1,41.1,FALSE,FALSE,FALSE,FALSE,FALSE,FALSE,FALSE,FALSE,FALSE
"119",94559,1212,1770,2697,1161.62971020027,1995,22,33,32,0,27184,699.3,58692,77116,36.65,2.23,74.5,0.7,2.1,39.4,50.2,35.7,FALSE,FALSE,FALSE,TRUE,FALSE,FALSE,FALSE,FALSE,FALSE
"120",94560,2197,2525,2750,1782.87476880336,2444,33,58,12,0,42573,3078.4,84922,93994,13.81,0.02,41.3,4.7,27.2,35.2,49.8,35.4,FALSE,FALSE,FALSE,TRUE,FALSE,FALSE,FALSE,FALSE,FALSE
"121",94561,1272.03211576416,1332.81605148813,1700,-134.408510165981,1685,1,0,13,0,36515,2039.6,75605,88881,16.93,0.98,64.3,7.2,6.2,34.7,49.8,32.2,TRUE,TRUE,FALSE,TRUE,FALSE,FALSE,FALSE,FALSE,FALSE
"122",94563,1850,3000,3625,1598.49921325914,2500,6,5,6,2,17672,1022.8,161567,211525,17.26,0.01,82.3,0.8,11.5,4.6,48.6,47.8,FALSE,FALSE,FALSE,TRUE,FALSE,FALSE,FALSE,FALSE,FALSE
"123",94564,1025,1500,2345,874.042840275378,1843,4,5,7,1,18287,3024,77476,92608,5.59,0.46,46.3,13.4,22.8,21.9,47.5,42.6,FALSE,FALSE,FALSE,TRUE,FALSE,FALSE,FALSE,FALSE,FALSE
"124",94565,1200,1450,1800,911,1527,17,30,39,4,84641,2497.5,55709,70202,30.2,3.69,37.8,16.1,14.2,45.6,49,31.8,FALSE,FALSE,FALSE,FALSE,FALSE,FALSE,FALSE,FALSE,FALSE
"125",94566,1838,2114,3100,1464.28241333388,2084,108,100,27,2,40884,2068.8,119764,149611,19.61,0.15,71.9,1.4,18.5,10.7,48.7,42.2,FALSE,FALSE,FALSE,TRUE,FALSE,FALSE,FALSE,FALSE,FALSE
"126",94567,1932.22586709556,2324.10854638155,2848.11188155362,1527.93528269228,2003.08797101905,0,0,1,0,622.999999999996,4.69999999999982,57074,73053,131.41,2.42,83.3,0.2,1.4,25.2,48.5,39.8,TRUE,TRUE,TRUE,TRUE,TRUE,FALSE,FALSE,FALSE,FALSE
"127",94568,2154,2612,3106,1995,2397,98,110,57,3,46016,3009.7,112717,126606,15.29,0,51.4,9.5,26.8,14.5,52.1,35.3,FALSE,FALSE,FALSE,FALSE,FALSE,FALSE,FALSE,FALSE,FALSE
"128",94569,2114.37947988981,2525.36907976958,2719.10692894948,1479.62204574932,2574.79917304088,0,0,0,1,198,83.6999999999998,92743,82591,2.37,0,89.4,1.5,3.5,5.1,49,53.3,TRUE,TRUE,TRUE,TRUE,TRUE,FALSE,FALSE,FALSE,FALSE
"129",94571,1184.39993951689,1208.63730873206,2770.54353607767,537.154802264017,1828.79827117859,0,2,0,0,7911,57.1999999999998,60556,71035,117.62,20.72,81.4,4.7,4.7,13.8,48.6,56.3,TRUE,TRUE,TRUE,TRUE,TRUE,FALSE,FALSE,FALSE,FALSE
"130",94572,1225.40113411342,1450,1519.37387285051,926.605031875228,1450,1,4,1,1,8684,1661.6,63803,74911,4.34,0.88,43.7,16.2,20.6,24.6,48.8,38.1,TRUE,FALSE,TRUE,TRUE,FALSE,FALSE,FALSE,FALSE,FALSE
"131",94573,2799.27322633418,3360.10976661907,2826.68533448719,819.920323248789,5079.76119304516,0,0,0,0,94,94.1999999999998,61012,66915,1,0,80.9,-6.92617156150192,-0.200331510173381,40.4,53.2,46,TRUE,TRUE,TRUE,TRUE,TRUE,FALSE,FALSE,TRUE,TRUE
"132",94574,1575,2049,2810.14387392191,1529.99548103115,1925,4,8,2,0,8742,67.3000000000002,83733,131313,127.8,2.09,79.4,0.5,1.8,29.5,47.9,45.3,FALSE,FALSE,TRUE,TRUE,FALSE,FALSE,FALSE,FALSE,FALSE
"133",94575,2554.10631390318,2224.66389421118,3523.46029610615,1521.40059927706,2030.99430982051,0,0,0,0,974,5523.7,25239.8511898939,153049.045822279,0.170000000000005,0.01,64.6,11.1,7.8,21.9,40.1,19.6,TRUE,TRUE,TRUE,TRUE,TRUE,TRUE,TRUE,FALSE,FALSE
"134",94576,2667.65200754983,4004.44122445803,4843.45267666561,2208.64810552572,3662.08176575589,0,0,0,0,164,443.9,37614,68310,0.370000000000005,0,87.8,0.6,3.7,18.3,42.7,49.5,TRUE,TRUE,TRUE,TRUE,TRUE,FALSE,FALSE,FALSE,FALSE
"135",94577,1500,1772,2300,855.459557081786,1707,26,40,8,2,45560,4787.5,63878,77481,8.15,1.37,40.3,12.9,24.8,29.3,48,39.5,FALSE,FALSE,FALSE,TRUE,FALSE,FALSE,FALSE,FALSE,FALSE
"136",94578,1337,1812,2350,662.326098802736,1695,18,30,11,2,38558,8755.3,53465,63046,4.4,0,33.3,20.3,20.6,34,48.6,34,FALSE,FALSE,FALSE,TRUE,FALSE,FALSE,FALSE,FALSE,FALSE
"137",94579,1102,1895,2400,1034.7077114747,1997,4,10,8,0,20571,6566.9,67299,79195,3.13,0,35.4,6.6,42.5,21.3,48.3,40.8,FALSE,FALSE,FALSE,TRUE,FALSE,FALSE,FALSE,FALSE,FALSE
"138",94580,1375,1700,2300,1165.93498827045,1700,6,11,9,1,27152,7860.1,69031,77773,3.45,0.01,44.3,6.3,24.2,36,48.8,37.3,FALSE,FALSE,FALSE,TRUE,FALSE,FALSE,FALSE,FALSE,FALSE
"139",94582,1865,2357,3300,1592,2163,44,42,33,3,38537,2961.3,130752,156585,13,0.02,42,3.1,47.6,6.7,49.1,35.9,FALSE,FALSE,FALSE,FALSE,FALSE,FALSE,FALSE,FALSE,FALSE
"140",94583,1925,2295,3400,1931.79957851411,2314,26,51,33,0,34859,2331.2,117384,135043,14.95,0,66.4,2.5,22.4,10.8,49.2,39,FALSE,FALSE,FALSE,TRUE,FALSE,FALSE,FALSE,FALSE,FALSE
"141",94585,1092,1390,1537,1264.58538755363,1320,6,5,6,0,28263,241,72500,82006,112.41,4.87,38.8,20.2,18.9,24,49.4,33,FALSE,FALSE,FALSE,TRUE,FALSE,FALSE,FALSE,FALSE,FALSE
"142",94586,3094.85786866135,3828.77993706143,5511.04701127579,2622.99659661865,3254.62082235197,0,1,0,1,925,15.6000000000004,95250,176784,58.65,0.77,85.1,0.0999999999999996,5.5,9.5,50.4,49.2,TRUE,TRUE,TRUE,TRUE,TRUE,FALSE,FALSE,FALSE,FALSE
"143",94587,2010,2228,2760,1731,2175,44,78,14,11,69516,3525.1,83066,98012,19.72,0,23.9,6.3,50.9,22.9,49.4,36.2,FALSE,FALSE,FALSE,FALSE,FALSE,FALSE,FALSE,FALSE,FALSE
"144",94588,2032,2362,3355,1915.97725280195,2299,46,51,25,0,30842,944.8,120008,141820,32.64,0,61.2,2,28.8,9.8,49.5,38.8,FALSE,FALSE,FALSE,TRUE,FALSE,FALSE,FALSE,FALSE,FALSE
"145",94589,985,1100,1762,1145.46191003476,1147,4,14,10,0,29876,2577.5,58190,67439,11.46,0.13,25.5,24.5,26.8,28.1,48.7,36.9,FALSE,FALSE,FALSE,TRUE,FALSE,FALSE,FALSE,FALSE,FALSE
"146",94590,1000,1400,1500,775,1350,47,69,47,8,35420,5121.9,43754,58001,5.94,0.97,39.3,25,12.3,27.3,48.6,36.1,FALSE,FALSE,FALSE,FALSE,FALSE,FALSE,FALSE,FALSE,FALSE
"147",94591,1105,1537,1600,689.54852860182,1500,30,72,38,0,53042,2378.2,75321,89469,21.58,0.73,33.1,18.6,31.3,17.2,48.6,39.3,FALSE,FALSE,FALSE,TRUE,FALSE,FALSE,FALSE,FALSE,FALSE
"148",94592,2482.56205360942,3306.26179332856,4111.04725379183,2828.90954672382,3127.75649888872,0,0,0,1,742,175.2,72031,123161,4.23,0.01,36.9,11.3,37.3,12,49.1,35.1,TRUE,TRUE,TRUE,TRUE,TRUE,FALSE,FALSE,FALSE,FALSE
"149",94595,1750,1895,3150,980.542132901412,1850,9,7,4,1,16425,3053.7,58477,89633,5.38,0,87.1,1.1,7.5,4.8,40.8,66.9,FALSE,FALSE,FALSE,TRUE,FALSE,FALSE,FALSE,FALSE,FALSE
"150",94596,1750,1995,2500,1625,1916,51,63,5,5,20037,3359.2,78402,107649,5.96,0,78.4,2.2,10.7,11.6,49.4,39.8,FALSE,FALSE,FALSE,FALSE,FALSE,FALSE,FALSE,FALSE,FALSE
"151",94597,1938,2250,3175,1810,2194,37,63,11,7,20277,5179.6,83093,102325,3.91,0,74.3,2.4,14.3,10.7,48.1,39.2,FALSE,FALSE,FALSE,FALSE,FALSE,FALSE,FALSE,FALSE,FALSE
"152",94598,1745,2247,3295,1758.47117393384,2375,5,24,13,0,25818,1691.8,117500,146000,15.25,0.01,77.3,1.1,15.1,6.6,47.8,47.2,FALSE,FALSE,FALSE,TRUE,FALSE,FALSE,FALSE,FALSE,FALSE
"153",94599,2245.21665884317,3285.49693525018,3803.73490308846,1840.27782657516,3054.80445086472,0,1,1,0,3021,1030.4,69290,113758,2.93,0,89.5,1.3,1.7,9.8,57.4,63.8,TRUE,TRUE,TRUE,TRUE,TRUE,FALSE,FALSE,FALSE,FALSE
"154",94601,1250,1750,2450,1015,1450,35,31,9,12,50294,14935.4,37609,50236,3.25,0.12,25.4,18.4,17.8,53.8,51.3,30.9,FALSE,FALSE,FALSE,FALSE,FALSE,FALSE,FALSE,FALSE,FALSE
"155",94602,1575,1887,3185,1292.72531325571,1875,23,18,7,1,28329,8497.5,70105,94715,3.3,0.03,45.6,17.9,23.2,13.8,46.5,41.3,FALSE,FALSE,FALSE,TRUE,FALSE,FALSE,FALSE,FALSE,FALSE
"156",94603,1347,1500,1850,845.072220695964,1595,4,17,6,0,31403,9630.1,40062,51836,3.26,0,20.5,37.8,4.5,52.6,49.1,29.7,FALSE,FALSE,FALSE,TRUE,FALSE,FALSE,FALSE,FALSE,FALSE
"157",94605,1300,1800,2650,1450,1725,27,41,16,3,39016,4330.3,56434,73051,8.96,0.05,21.9,52.7,6.4,22.2,46.9,38.1,FALSE,FALSE,FALSE,FALSE,FALSE,FALSE,FALSE,FALSE,FALSE
"158",94606,1650,2200,1950,1200,1795,48,45,13,17,36672,14637,39230,50377,2.29,0.22,20.8,19.5,42.4,19.8,49.2,35.5,FALSE,FALSE,FALSE,FALSE,FALSE,FALSE,FALSE,FALSE,FALSE
"159",94607,2200,3048,2400,1600,2325,59,46,14,5,24978,3527.8,32716,53533,5.9,1.18,19.9,38.5,28.8,12.6,50.4,36,FALSE,FALSE,FALSE,FALSE,FALSE,FALSE,FALSE,FALSE,FALSE
"160",94608,2760,3177,3200,2088,2810,167,109,21,20,28019,8212.8,53936,71831,2.74,0.67,35.4,36.5,15.5,12.2,49.6,35.5,FALSE,FALSE,FALSE,FALSE,FALSE,FALSE,FALSE,FALSE,FALSE
"161",94609,1800,2500,3150,1572,2195,47,23,14,8,20596,12057,48658,66067,1.71,0,46.6,33.2,7.9,11.4,47.6,34.6,FALSE,FALSE,FALSE,FALSE,FALSE,FALSE,FALSE,FALSE,FALSE
"162",94610,1892,2595,3800,1550,1962,90,37,6,9,29287,12119.5,73127,110831,2.18,0.23,56.9,18.6,14.7,8.5,46.6,39.5,FALSE,FALSE,FALSE,FALSE,FALSE,FALSE,FALSE,FALSE,FALSE
"163",94611,1850,2400,3975,1495,2100,49,30,19,14,36565,3461.7,99475,150591,10.56,0,69.2,8.3,14.2,6.6,47.4,43.9,FALSE,FALSE,FALSE,FALSE,FALSE,FALSE,FALSE,FALSE,FALSE
"164",94612,2367,3831,3897,2149,2646,49,34,9,18,14389,16899.4,26314,47118,0.850000000000001,0,27.8,29.6,30.2,12.3,52,40.2,FALSE,FALSE,FALSE,FALSE,FALSE,FALSE,FALSE,FALSE,FALSE
"165",94613,1808.73836233584,1386.64965218212,4031.57813657832,576.360801084729,1891.96564858857,0,1,0,0,715,2820,-19952.7665666839,168240.49394618,0.25,0,56.8,10.2,12.3,23.1,10.4,20.6,TRUE,TRUE,TRUE,TRUE,TRUE,TRUE,TRUE,FALSE,FALSE
"166",94618,2600,3150,5200,1575,2725,16,18,7,15,16046,6589.6,114759,164950,2.43,0.01,76.7,4.9,10.9,6.7,46.5,41.5,FALSE,FALSE,FALSE,FALSE,FALSE,FALSE,FALSE,FALSE,FALSE
"167",94619,1375,1750,2745,1325,1595,12,12,9,4,23299,1363.7,75041,97836,15.65,1.44,35.8,26.8,22.3,16.1,46.5,40.5,FALSE,FALSE,FALSE,FALSE,FALSE,FALSE,FALSE,FALSE,FALSE
"168",94621,1100,1549,1228.66654530523,1447.71325585652,1500,3,12,1,1,29870,3127.6,30780,41132,7.78,1.77,20.3,36.5,4.3,54.8,49.5,28.8,FALSE,FALSE,TRUE,TRUE,FALSE,FALSE,FALSE,FALSE,FALSE
"169",94702,1750,2700,3450,1350,2545,25,34,24,9,15979,12543.5,54825,74802,1.27,0,51.8,22.5,11.9,14,47.1,39.5,FALSE,FALSE,FALSE,FALSE,FALSE,FALSE,FALSE,FALSE,FALSE
"170",94703,1995,2300,3095,1545,2185,35,36,11,6,19846,14852.3,54805,78751,1.34,0,55.4,18.3,13,12.8,49.1,35.7,FALSE,FALSE,FALSE,FALSE,FALSE,FALSE,FALSE,FALSE,FALSE
"171",94704,1800,2974,3450,1595,2500,88,134,38,48,25592,23930,34169,49490,1.07,0,47.2,4.6,37.1,10.4,50.2,21.7,FALSE,FALSE,FALSE,FALSE,FALSE,FALSE,FALSE,FALSE,FALSE
"172",94705,1866,2695,3495,1695,2595,16,15,14,7,12762,3862,90411,148865,3.3,0,77.5,3.9,11.3,6.3,47.7,42.7,FALSE,FALSE,FALSE,FALSE,FALSE,FALSE,FALSE,FALSE,FALSE
"173",94706,1700,2400,3616.45714337891,1659.02605108711,2100,16,21,2,0,19615,13286.7,74558,97526,1.48,0,55.6,3.6,30.3,10,47.5,37.3,FALSE,FALSE,TRUE,TRUE,FALSE,FALSE,FALSE,FALSE,FALSE
"174",94707,1732,3125,3750,1874.08001257241,2700,8,4,7,1,11710,6907.5,137770,169859,1.7,0,81.6,2.1,9.8,5.2,46.8,50.4,FALSE,FALSE,FALSE,TRUE,FALSE,FALSE,FALSE,FALSE,FALSE
"175",94708,1800,3925,4625,1412,3045,6,6,6,6,10985,3225.7,137540,176941,3.39,0.01,80.8,1.9,10.2,5,48.6,50.4,FALSE,FALSE,FALSE,FALSE,FALSE,FALSE,FALSE,FALSE,FALSE
"176",94709,2097,2991,3745,1695,2295,62,42,18,15,11806,20083.9,58853,82644,0.59,0,64.7,2.9,24.5,7.4,51.5,27.8,FALSE,FALSE,FALSE,FALSE,FALSE,FALSE,FALSE,FALSE,FALSE
"177",94710,2260,2950,3058.74605800155,2332.95468196992,2450,26,17,2,2,6948,1574.3,50968,70688,2.15,2.26,44.7,22.4,10.3,26.2,49.9,36.3,FALSE,FALSE,TRUE,TRUE,FALSE,FALSE,FALSE,FALSE,FALSE
"178",94720,2387.963209858,2877.16966551901,2633.27779619283,2510.41919544092,2581.41456411014,0,0,0,0,2964,4760.7,23795,25602,0.620000000000001,0,44.2,3.1,39.5,13.4,47.2,19.8,TRUE,TRUE,TRUE,TRUE,TRUE,FALSE,FALSE,FALSE,FALSE
"179",94801,1650,1500,2200,850,1972,12,16,19,3,29395,1666.2,43084,61178,11.28,6.36,32.5,22,6,58.4,50.2,31.2,FALSE,FALSE,FALSE,FALSE,FALSE,FALSE,FALSE,FALSE,FALSE
"180",94803,1200,1450,2100,1535.64741937021,1722,3,17,16,2,24904,2134.1,72218,94868,11.67,0,44.7,16.4,20.9,20.7,48.7,42.3,FALSE,FALSE,FALSE,TRUE,FALSE,FALSE,FALSE,FALSE,FALSE
"181",94804,1500,2030,2375,1164.04777436472,2000,20,49,24,2,38559,4368.6,50701,65324,6.18,2.65,29.4,32.2,10.2,38.4,48,34.3,FALSE,FALSE,FALSE,TRUE,FALSE,FALSE,FALSE,FALSE,FALSE
"182",94805,1320,1775,2000,995,1450,8,6,5,3,13648,6873.1,62901,74102,1.99,0,46.3,15.1,14.7,31.4,48.2,40,FALSE,FALSE,FALSE,FALSE,FALSE,FALSE,FALSE,FALSE,FALSE
"183",94806,1400,1800,2197,1075,1744,14,19,14,4,59861,6990.8,52783,66054,8.33,0.23,31.5,19.9,17.5,46.3,49.1,33.2,FALSE,FALSE,FALSE,FALSE,FALSE,FALSE,FALSE,FALSE,FALSE
"184",94901,2133,2460,3775,1600,2235,96,54,20,13,41157,2429.4,72087,109802,13.16,3.78,67.9,1.8,5.2,36,51.6,37.9,FALSE,FALSE,FALSE,FALSE,FALSE,FALSE,FALSE,FALSE,FALSE
"185",94903,2062,2822,3875,1428.24889392512,2547,30,32,15,1,29040,1403.7,86774,115495,20.05,0.63,79.7,2.1,7.6,13.6,46.7,46.9,FALSE,FALSE,FALSE,TRUE,FALSE,FALSE,FALSE,FALSE,FALSE
"186",94904,2000,3100,4245,2089.58118639925,2950,8,12,8,1,11995,1619.9,99878,173203,7.24,0.16,87.7,1.3,4.5,6.6,45.9,48.8,FALSE,FALSE,FALSE,TRUE,FALSE,FALSE,FALSE,FALSE,FALSE
"187",94920,2900,3900,7200,2141.23068520575,3902,11,33,17,1,12474,1055.9,136926,234062,6.53,5.28,89.3,0.7,5.1,4.4,46.5,49,FALSE,FALSE,FALSE,TRUE,FALSE,FALSE,FALSE,FALSE,FALSE
"188",94922,2401.03041381108,3048.28168987225,2714.92374668701,1972.75918742109,2715.82982467302,0,0,0,0,425,34.3999999999996,30250,29348,12.32,0.03,77.4,0.5,0.699999999999999,23.8,50.6,44.3,TRUE,TRUE,TRUE,TRUE,TRUE,FALSE,FALSE,FALSE,FALSE
"189",94923,1505.37483089174,1850,3326.61789798755,664.596876155501,1850,0,4,0,0,1411,61.6999999999998,74556,124026,21.4,1.45,89.7,0.4,2.5,9.9,51.1,57.3,TRUE,FALSE,TRUE,TRUE,FALSE,FALSE,FALSE,FALSE,FALSE
"190",94924,2265.38761280325,3577.81121630447,3926.02452878904,2207.75638855154,3247.86424961087,0,2,0,0,1638,59.8999999999996,54635,92887,23.12,4.21,86.8,1.7,1,15.9,53.6,49.2,TRUE,TRUE,TRUE,TRUE,TRUE,FALSE,FALSE,FALSE,FALSE
"191",94925,2098,3000,4460,1914.80326866659,3000,15,13,17,0,9253,2187.8,107723,147461,3.16,1.07,84.4,0.9,6.8,8.3,46.6,44.2,FALSE,FALSE,FALSE,TRUE,FALSE,FALSE,FALSE,FALSE,FALSE
"192",94928,1450,1925,2300,1150.17578772254,1735,57,53,22,2,43170,5604,56651,70241,7.7,0,76.3,1.9,5.3,21.6,48,31.1,FALSE,FALSE,FALSE,TRUE,FALSE,FALSE,FALSE,FALSE,FALSE
"193",94929,2332.28745201727,1839.05782641273,2877.23626866382,1745.4101269564,2403.43339037001,0,0,0,0,264,248.599999999999,155069,125618,1.06,0,93.6,-1.92196505816613,1.5,3.4,48.9,58.3,TRUE,TRUE,TRUE,TRUE,TRUE,FALSE,FALSE,TRUE,FALSE
"194",94930,1775,2350,3725,1564.30038375657,2350,5,8,4,0,8500,520.599999999999,99521,117264,15.92,0.41,89.3,1.4,2.8,6.6,48.8,46.1,FALSE,FALSE,FALSE,TRUE,FALSE,FALSE,FALSE,FALSE,FALSE
"195",94931,1100,1450,2375,1022.17859872597,1550,3,12,12,2,8470,1331,66054,85632,6.35,0.01,82.4,1.6,3.6,16.8,47.9,37.8,FALSE,FALSE,FALSE,TRUE,FALSE,FALSE,FALSE,FALSE,FALSE
"196",94933,1682.33639924289,2631.72590207569,3137.79930401624,1088.13568637843,2250,2,0,1,0,864.999999999996,790.2,73229,108735,1.09,0,91,1.9,0.6,7.9,48.8,48.5,TRUE,TRUE,TRUE,TRUE,FALSE,FALSE,FALSE,FALSE,FALSE
"197",94937,1681.90121779736,2002.88500019178,3237.87702796226,1121.14852661327,1959.10287065965,0,0,1,0,837,15.8000000000002,49750,90011,41.6,11.31,87.1,1.1,1.2,16.6,46,54.7,TRUE,TRUE,TRUE,TRUE,TRUE,FALSE,FALSE,FALSE,FALSE
"198",94938,1476.22494440915,2746.28012771232,3584.18249701101,1331.71991457936,2718.41791766388,0,1,0,0,812,76.6999999999998,94063,108588,10.58,0,91,0.9,0.699999999999999,7.9,49.1,48.3,TRUE,TRUE,TRUE,TRUE,TRUE,FALSE,FALSE,FALSE,FALSE
"199",94939,2850,3395,3375,2428.65956629983,3250,20,37,4,0,6859,3068.6,94664,161317,2.14,0.1,89,1.1,3.9,6.6,46.4,46.5,FALSE,FALSE,FALSE,TRUE,FALSE,FALSE,FALSE,FALSE,FALSE
"200",94940,3512.27989112929,2769.19266218504,2990.53914898114,2979.85839312488,3123.54927896817,0,0,0,1,268,10.1000000000004,22279,56476,22.77,3.75,88.8,0.508602447513874,0.4,14.2,51.5,54,TRUE,TRUE,TRUE,TRUE,TRUE,FALSE,FALSE,TRUE,FALSE
"201",94941,2385,2795,4700,1732,2900,18,31,23,7,30496,1328.4,106752,160776,22.23,0.72,86.8,1.1,6.5,5.1,47.3,45.5,FALSE,FALSE,FALSE,FALSE,FALSE,FALSE,FALSE,FALSE,FALSE
"202",94945,2410,3339,2697,2477.47392149867,2647,24,33,8,1,17167,639,81661,113648,26.01,0.86,80.1,1.9,6.2,19.3,49.2,44.7,FALSE,FALSE,FALSE,TRUE,FALSE,FALSE,FALSE,FALSE,FALSE
"203",94946,2182.76115940292,2919.95134273234,3776.93869104739,1703.1322307778,2878.26241402775,1,0,0,0,699,15.5,158333,182973,43.68,1.39,89.3,0.7,1.7,11.7,52.2,47.7,TRUE,TRUE,TRUE,TRUE,TRUE,FALSE,FALSE,FALSE,FALSE
"204",94947,1550,2085,2995,1243.23092577929,2128,6,13,13,0,24283,1060.7,83873,107005,22.69,0.2,78,2.6,6,18.9,48,44.1,FALSE,FALSE,FALSE,TRUE,FALSE,FALSE,FALSE,FALSE,FALSE
"205",94949,1725,2100,3000,1647.47693990547,2100,16,23,7,0,17202,1058.3,83415,108021,15.03,1.23,74.3,3,6.7,22.1,48.2,41.7,FALSE,FALSE,FALSE,TRUE,FALSE,FALSE,FALSE,FALSE,FALSE
"206",94950,2639.94844905371,1409.73223855332,1429.09250855365,1758.87471825313,1714.55418795202,0,0,0,0,88.9999999999964,10.3000000000002,2499,20147,8.6,0,80.9,4.29951269841869,1.1,15.7,51.7,51.5,TRUE,TRUE,TRUE,TRUE,TRUE,FALSE,FALSE,TRUE,FALSE
"207",94951,1751.68565821755,2200,3459.79072572591,1263.1332895601,2200,1,3,1,0,4124,281.4,91000,112264,14.66,0,87.7,0.9,2.5,11.1,50.2,45.2,TRUE,FALSE,TRUE,TRUE,FALSE,FALSE,FALSE,FALSE,FALSE
"208",94952,1662,1750,2275,1424,1825,26,33,10,6,32858,181.1,74205,95416,180.24,1.16,85.5,1,2.1,16.7,49.8,42.1,FALSE,FALSE,FALSE,FALSE,FALSE,FALSE,FALSE,FALSE,FALSE
"209",94954,1693,2000,2429,1223.48065808021,1990,44,70,15,0,37365,581.4,78154,91191,62,2.27,77.9,1.6,5.7,24,49.1,39.4,FALSE,FALSE,FALSE,TRUE,FALSE,FALSE,FALSE,FALSE,FALSE
"210",94956,958.167809952465,939.600450489542,2857.33172539628,258.759154579125,1600,2,1,0,0,1756,25.1999999999998,59091,113380,58.41,11.26,85.1,0.8,1.3,19.3,45.6,51.1,TRUE,TRUE,TRUE,TRUE,FALSE,FALSE,FALSE,FALSE,FALSE
"211",94957,3551.54634914891,4219.21347760283,6709.56644154125,2333.39130044611,4333.40046748643,0,0,0,0,1332,1164.1,128313,265567,1.14,0,94.2,0.2,1.6,3.7,48,46.4,TRUE,TRUE,TRUE,TRUE,TRUE,FALSE,FALSE,FALSE,FALSE
"212",94960,1800,2295,4400,1550,1850,13,7,4,5,15740,2652.7,106360,145436,5.93,0,90.5,0.8,3.7,5.4,47,45.3,FALSE,FALSE,FALSE,FALSE,FALSE,FALSE,FALSE,FALSE,FALSE
"213",94963,1738.00145125348,2788.72233447141,3719.11049403233,1031.57764115444,2234.07595853988,0,0,0,0,569,213.800000000001,98221,112278,2.66,0,94.2,0.9,0.5,4.6,48.3,51.4,TRUE,TRUE,TRUE,TRUE,TRUE,FALSE,FALSE,FALSE,FALSE
"214",94964,-287.352872270307,4032.67663204638,2122.58347721535,-1114.45876633775,1599.90270717088,0,0,0,0,5094,13066.7,82325,-36768.1668093526,0.390000000000001,0,40.4,39.3,1.4,19.5,97.6,40.8,TRUE,TRUE,TRUE,TRUE,TRUE,FALSE,TRUE,FALSE,FALSE
"215",94965,2326,3550,4800,1450,2912,37,38,9,3,10847,609,102708,135866,13.52,4.29,78,10.1,6.2,6.4,47.1,47.9,FALSE,FALSE,FALSE,FALSE,FALSE,FALSE,FALSE,FALSE,FALSE
"216",94970,1974.26971697829,2480.37753836349,3802.3060380293,1464.62191820033,2543.52910624073,1,0,0,0,683,98.1999999999998,80114,87709,6.96,0,92.1,0.6,2.5,4.8,49.2,55.4,TRUE,TRUE,TRUE,TRUE,TRUE,FALSE,FALSE,FALSE,FALSE
"217",94971,1192.84193448334,2055.47058607616,3034.08144697754,1170.79523733925,1785.64391417399,0,2,0,0,337.000000000004,23.6000000000004,54348,89439,12.38,1.92,93.5,0.6,1.5,8,46.3,49.8,TRUE,TRUE,TRUE,TRUE,TRUE,FALSE,FALSE,FALSE,FALSE
"218",94972,3005.36016128559,2590.22804419138,2794.93943144029,686.484127311981,4986.43087195591,0,0,0,0,52,4.10000000000036,53227.8598312941,152010.399104545,11.57,1.14,57.7,13.4900729922807,-5.43516506633003,46.2,57.7,30.8,TRUE,TRUE,TRUE,TRUE,TRUE,TRUE,TRUE,TRUE,TRUE
"219",94973,2264.56771590388,2963.82955838617,3100,1150.592999371,3100,0,0,3,0,1429,358.7,67386,112215,3.98,0,91.3,0.3,2,5.8,48.3,50.4,TRUE,TRUE,FALSE,TRUE,FALSE,FALSE,FALSE,FALSE,FALSE
"220",95002,1694.21861579141,2065.80876196495,2965.85752792474,1805.5579066267,2143.09175121086,0,0,0,1,2077,145.5,83125,94243,11.97,2.31,37.8,2.1,17.4,61.2,51,35.4,TRUE,TRUE,TRUE,TRUE,TRUE,FALSE,FALSE,FALSE,FALSE
"221",95003,1365,1775,2800,817.878540631983,2497,7,15,19,1,23974,656.6,82612,102882,35.15,1.37,86.9,0.8,3.5,11.8,48.4,46.2,FALSE,FALSE,FALSE,TRUE,FALSE,FALSE,FALSE,FALSE,FALSE
"222",95004,2061.06529097253,3309.70312040978,4048.57266568912,1308.92440150018,2800.15665164742,1,0,0,0,3918,215.6,74890,110439,18.15,0.02,73.4,0.7,2,35.6,50.1,43.8,TRUE,TRUE,TRUE,TRUE,TRUE,FALSE,FALSE,FALSE,FALSE
"223",95005,1300,1409.25356139888,1665.90075933547,529.005689257935,1200,4,0,1,2,6311,517.3,78438,95589,11.94,0.26,91,0.6,1.1,8.2,50.7,43.7,FALSE,TRUE,TRUE,TRUE,FALSE,FALSE,FALSE,FALSE,FALSE
"224",95006,1623.39258203424,1800,3700,1114.38655533451,2550,0,3,7,0,8979,167.8,82462,98807,53.49,0,90.6,0.9,1.5,7.7,51.9,46,TRUE,FALSE,FALSE,TRUE,FALSE,FALSE,FALSE,FALSE,FALSE
"225",95007,2337.92447745222,2467.40631239375,4233.80841671497,1325.84199040716,2918.59355197065,0,0,0,1,676,1181.2,143447,148484,0.57,0,88.5,0.2,0.6,12.3,51.8,40.6,TRUE,TRUE,TRUE,TRUE,TRUE,FALSE,FALSE,FALSE,FALSE
"226",95008,1825,2312,3347,1750,2099,77,78,30,11,45260,6981.9,83306,105661,6.39,0.09,66.2,3,17,18.1,49.1,38.5,FALSE,FALSE,FALSE,FALSE,FALSE,FALSE,FALSE,FALSE,FALSE
"227",95010,1850,2175,3000,1195,2187,7,23,11,3,9137,5565.3,53220,79884,1.37,0.27,81.5,1.2,4.1,18.8,47.3,42.2,FALSE,FALSE,FALSE,FALSE,FALSE,FALSE,FALSE,FALSE,FALSE
"228",95013,3667.26779072681,2313.71804987402,2554.78334117808,2465.93985009782,2637.26721063785,0,0,0,0,80,52.3999999999996,31695.7804034085,159597.63743109,1.53,0,37.5,12.7991020884342,5,60,57.5,38.6,TRUE,TRUE,TRUE,TRUE,TRUE,TRUE,TRUE,TRUE,FALSE
"229",95014,2633,3295,3850,1888,3213,119,281,75,9,60717,2243.7,125168,147786,26.93,0.13,31.5,0.7,63,3.8,49.4,39.5,FALSE,FALSE,FALSE,FALSE,FALSE,FALSE,FALSE,FALSE,FALSE
"230",95017,2104.18265288061,1911.51758003583,2574.98355900789,1563.88792319325,2301.41393481996,0,0,0,0,833.999999999996,15.8000000000002,57500,78252,50,2.68,77.5,1.4,2.2,27.3,55,43.4,TRUE,TRUE,TRUE,TRUE,TRUE,FALSE,FALSE,FALSE,FALSE
"231",95018,1300,2664.73108829354,2973.54671823761,675.623177300173,2000,3,2,2,1,7778,413.8,74091,90310,18.8,0,91,0.7,1.5,7.8,50.2,43.5,FALSE,TRUE,TRUE,TRUE,FALSE,FALSE,FALSE,FALSE,FALSE
"232",95019,1594.69483856623,2000,1793.55821174818,1000,1600,1,4,1,3,7727,6364.1,40139,49861,1.21,0,43.9,0.9,2.8,83.2,49.7,28.3,TRUE,FALSE,TRUE,FALSE,FALSE,FALSE,FALSE,FALSE,FALSE
"233",95020,1700,1995,2447,1200,1995,18,21,14,4,57349,365.7,80734,97387,155.94,0.89,59.8,1.8,6.8,56,49.9,33.3,FALSE,FALSE,FALSE,FALSE,FALSE,FALSE,FALSE,FALSE,FALSE
"234",95023,1017,1489.48304966224,1772,532.34646309199,1522,4,1,4,1,48841,118.2,64284,78960,412.35,0.75,63,0.9,2.6,58.7,50,33.4,FALSE,TRUE,FALSE,TRUE,FALSE,FALSE,FALSE,FALSE,FALSE
"235",95030,2450,3550,6500,1895,2895,18,15,15,7,12791,1224.9,150355,217509,10.44,0,86,0.5,9.1,5,48.4,48.1,FALSE,FALSE,FALSE,FALSE,FALSE,FALSE,FALSE,FALSE,FALSE
"236",95032,2200,2800,3750,2536,2800,19,62,19,3,25089,1565.7,122512,154043,15.89,0.14,79.6,0.9,12.3,7.7,48.3,43.7,FALSE,FALSE,FALSE,FALSE,FALSE,FALSE,FALSE,FALSE,FALSE
"237",95033,1700,2000,3650,983.43586463071,2000,5,3,5,0,9372,101.4,120795,153747,91.68,0.74,90,0.4,3.7,7.2,51.7,46.7,FALSE,FALSE,FALSE,TRUE,FALSE,FALSE,FALSE,FALSE,FALSE
"238",95035,2355,2687,3172,2155,2555,84,86,64,7,66943,2872.7,99527,113492,23.24,0.0599999999999999,20.7,2.9,62.1,16.8,51.1,36.1,FALSE,FALSE,FALSE,FALSE,FALSE,FALSE,FALSE,FALSE,FALSE
"239",95037,1600,1875,2500,1258.94520534184,1967,9,6,9,2,45579,185.5,93604,122241,243.32,2.44,66.2,1.8,10,33.4,49.8,38,FALSE,FALSE,FALSE,TRUE,FALSE,FALSE,FALSE,FALSE,FALSE
"240",95039,2374.91975748936,3309.33340244337,3594.85580546288,1766.54229954799,3334.46893681471,0,0,0,0,1377,82.5,46944,56976,14.74,1.94,57.7,1.7,2,63.8,51.4,35.6,TRUE,TRUE,TRUE,TRUE,TRUE,FALSE,FALSE,FALSE,FALSE
"241",95045,1389.58387818584,1582.63428291912,3263.93486997824,562.711654515486,1725,0,2,2,0,4046,85.3000000000002,58625,81329,47.41,0.03,62.2,1,3.5,45.2,49.6,40.7,TRUE,TRUE,TRUE,TRUE,FALSE,FALSE,FALSE,FALSE,FALSE
"242",95046,2203.78577363453,2795.82729278561,3974.77476009042,1613.34769909392,2689.4293381431,0,1,0,0,6417,328.7,83844,118582,19.48,0.04,62.1,0.5,6.8,44.9,50.8,38.7,TRUE,TRUE,TRUE,TRUE,TRUE,FALSE,FALSE,FALSE,FALSE
"243",95050,1790,2204,2750,1420,2204,51,115,33,4,35923,6807.6,65371,84184,5.28,0,55,3.3,23.5,25.8,50.3,33.9,FALSE,FALSE,FALSE,FALSE,FALSE,FALSE,FALSE,FALSE,FALSE
"244",95051,2185,2695,3282,1550,2500,112,105,44,5,54327,8159.4,100375,114394,6.66,0,44.6,2.2,39.9,17.8,50.2,35.9,FALSE,FALSE,FALSE,FALSE,FALSE,FALSE,FALSE,FALSE,FALSE
"245",95053,2882.41483040557,2990.57360668931,3571.99121815262,1928.67949991483,2567.29373028028,0,0,0,0,2206,12925.5,52318.0779801612,151489.114814058,0.170000000000005,0,63.6,3.8,17.7,18.5,46.6,19.7,TRUE,TRUE,TRUE,TRUE,TRUE,TRUE,TRUE,FALSE,FALSE
"246",95054,2673,3244,3864,2101.36900264057,3025,41,46,26,0,23364,3730.1,115068,127989,6.26,0,27.9,3,56.7,13.5,51.7,32.9,FALSE,FALSE,FALSE,TRUE,FALSE,FALSE,FALSE,FALSE,FALSE
"247",95060,1550,2497,3325,1300,2350,42,54,34,16,46377,652.1,64232,90369,67.83,3.3,77.2,1.8,5.9,18.6,51.3,34.7,FALSE,FALSE,FALSE,FALSE,FALSE,FALSE,FALSE,FALSE,FALSE
"248",95062,1600,2165,3500,1100,2165,21,40,21,7,36079,5709.7,60446,77252,5.05,1.27,78.4,1.3,3.7,22,49.4,38.5,FALSE,FALSE,FALSE,FALSE,FALSE,FALSE,FALSE,FALSE,FALSE
"249",95064,1971.0659133949,2539.91441817328,2248.24427187745,1807.98435832301,2108.91286617782,0,0,0,0,7331,3908.5,51678,63647,1.88,0,57.4,1.9,21.5,21.4,46.5,19.7,TRUE,TRUE,TRUE,TRUE,TRUE,FALSE,FALSE,FALSE,FALSE
"250",95065,1470,2092.90803977203,3700,729.232304271558,1700,4,2,3,0,8113,725.1,80269,113113,11.19,0,81.5,1.1,3.3,18.9,49,42.9,FALSE,TRUE,FALSE,TRUE,FALSE,FALSE,FALSE,FALSE,FALSE
"251",95066,1834.08767369128,2200,2850,1840.39613083894,2450,1,6,5,1,14749,778.2,111542,123312,18.95,0,87,0.8,4.6,9.4,49.2,42.4,TRUE,FALSE,FALSE,TRUE,FALSE,FALSE,FALSE,FALSE,FALSE
"252",95070,1975,2900,4200,1854.26223149495,3450,5,7,17,2,30617,1199.8,156762,203896,25.49,0.02,54.3,0.3,40.9,3.5,48.9,47.8,FALSE,FALSE,FALSE,TRUE,FALSE,FALSE,FALSE,FALSE,FALSE
"253",95073,1550,2000,2908.49738596792,1025,1600,6,4,2,4,10154,478.9,68955,104066,21.2,0,84.5,0.7,2.8,15,49.1,45,FALSE,FALSE,TRUE,FALSE,FALSE,FALSE,FALSE,FALSE,FALSE
"254",95075,1649.06177628117,2032.95835661542,2631.57584740294,956.74749186118,2036.34680741896,0,0,0,0,330.999999999996,3.60000000000036,62500,102053,93.01,0.15,82.8,0.3,0.6,28.4,53.5,43.7,TRUE,TRUE,TRUE,TRUE,TRUE,FALSE,FALSE,FALSE,FALSE
"255",95076,1375,1950,2400,1000,1950,9,12,12,5,82474,592.5,56620,71101,136.6,2.61,51.2,0.7,3.2,70.5,50.6,31.1,FALSE,FALSE,FALSE,FALSE,FALSE,FALSE,FALSE,FALSE,FALSE
"256",95110,2258,2755,3209,2495,2495,57,36,8,11,18730,4013.7,63125,79215,4.67,0,46.4,3.7,10.1,63.1,57.3,31.7,FALSE,FALSE,FALSE,FALSE,FALSE,FALSE,FALSE,FALSE,FALSE
"257",95111,1325,1900,2600,1184,1295,7,7,12,23,58466,10825.8,56400,69781,5.39,0.01,30.5,3.6,33.8,51.2,50.5,31.8,FALSE,FALSE,FALSE,FALSE,FALSE,FALSE,FALSE,FALSE,FALSE
"258",95112,1795,2550,2800,1450,2287,91,89,31,31,55927,7885.1,48070,69909,7.09,0,44,4.4,23.5,44.5,53.8,30.4,FALSE,FALSE,FALSE,FALSE,FALSE,FALSE,FALSE,FALSE,FALSE
"259",95113,2528,3888,4218.58865736615,2000,2850,23,13,2,3,893,2618,19737,51372,0.340000000000003,0,43.1,15,32.6,13.3,53.1,38,FALSE,FALSE,TRUE,FALSE,FALSE,FALSE,FALSE,FALSE,FALSE
"260",95116,1550,2167,2780,1482.15558648637,1950,20,22,9,1,51496,14382.4,48838,60100,3.58,0,33.8,2.5,23.9,65.4,51.1,30.8,FALSE,FALSE,FALSE,TRUE,FALSE,FALSE,FALSE,FALSE,FALSE
"261",95117,1795,2195,3095,1450,2095,41,69,21,3,30067,11692.8,64285,84424,2.57,0,49.8,5.3,20.4,34.8,50.6,33.6,FALSE,FALSE,FALSE,FALSE,FALSE,FALSE,FALSE,FALSE,FALSE
"262",95118,1825,2000,2995,1560,1955,16,23,11,4,31932,7703.5,86471,102110,4.15,0,67.7,2.1,12.9,26.4,49.1,37.4,FALSE,FALSE,FALSE,FALSE,FALSE,FALSE,FALSE,FALSE,FALSE
"263",95119,1302.63966020273,2295,3000,919.982281058759,2295,0,15,5,1,9970,3520.2,110974,118519,2.83,0,58.9,3.6,18.6,29.7,50.4,36.8,TRUE,FALSE,FALSE,TRUE,FALSE,FALSE,FALSE,FALSE,FALSE
"264",95120,1900,2515.43083606793,3375,1360.02899262403,2950,5,2,10,1,37457,925.5,148801,171065,39.76,0.72,63.3,0.8,29.6,6.9,49.7,44.4,FALSE,TRUE,FALSE,TRUE,FALSE,FALSE,FALSE,FALSE,FALSE
"265",95121,1706.91853630015,2161,2875,1285.48002278421,2495,1,6,10,0,37469,8454,82568,100290,4.43,0,22.8,3.2,52.3,32.5,49.9,35.3,TRUE,FALSE,FALSE,TRUE,FALSE,FALSE,FALSE,FALSE,FALSE
"266",95122,1762,2187,2420,1320.23750818034,2200,6,10,10,1,56545,11856.7,56581,67116,4.77,0,28.5,2.4,30,62.7,51.4,30.1,FALSE,FALSE,FALSE,TRUE,FALSE,FALSE,FALSE,FALSE,FALSE
"267",95123,1992,2275,2985,1613.99298798186,2330,43,127,51,0,62228,7478.1,85494,100041,8.32,0,55.9,4.2,18.8,30.2,49.2,35.9,FALSE,FALSE,FALSE,TRUE,FALSE,FALSE,FALSE,FALSE,FALSE
"268",95124,1795,2300,3250,1495,2362,21,24,32,5,47082,7166.5,104514,120841,6.57,0,72,1.6,13.8,17.3,49.6,39.7,FALSE,FALSE,FALSE,FALSE,FALSE,FALSE,FALSE,FALSE,FALSE
"269",95125,1722,2495,3300,1387,2235,62,76,21,4,51939,6488.5,95316,130583,8,0,69.1,3.1,11.5,25.2,48.4,39.9,FALSE,FALSE,FALSE,FALSE,FALSE,FALSE,FALSE,FALSE,FALSE
"270",95126,2345,2833,3700,1495,2522,91,109,33,11,31049,9458.8,69407,94710,3.28,0,54.5,5.4,14,38.3,50.7,33.3,FALSE,FALSE,FALSE,FALSE,FALSE,FALSE,FALSE,FALSE,FALSE
"271",95127,1550,2000,2750,1300,2100,7,23,16,4,61325,4713.1,69365,86953,13.01,0,40.6,2.3,20.8,59.1,51.1,32.9,FALSE,FALSE,FALSE,FALSE,FALSE,FALSE,FALSE,FALSE,FALSE
"272",95128,1850,2270,3300,1525,2075,56,62,15,10,34836,8922.8,65805,91481,3.9,0,57.4,4.3,13.9,37.2,49.9,35.1,FALSE,FALSE,FALSE,FALSE,FALSE,FALSE,FALSE,FALSE,FALSE
"273",95129,2200,2650,3747,1580,2304,50,49,28,28,38720,8581.5,102701,123721,4.51,0,34.1,1.4,57.7,7.3,49.2,39.4,FALSE,FALSE,FALSE,FALSE,FALSE,FALSE,FALSE,FALSE,FALSE
"274",95130,1625,2299,3350,1284.39742616798,2299,9,11,11,1,13911,8929.9,98819,111725,1.56,0,57.5,3.4,25,18.3,49.9,38.2,FALSE,FALSE,FALSE,TRUE,FALSE,FALSE,FALSE,FALSE,FALSE
"275",95131,2223,2500,2997,2287.6044661847,2770,7,43,22,0,28565,4913.1,102954,118843,5.81,0,16.4,2.7,70.4,13.6,50.2,35.8,FALSE,FALSE,FALSE,TRUE,FALSE,FALSE,FALSE,FALSE,FALSE
"276",95132,2073,2333,2780,2090.03509742682,2333,27,14,13,1,40299,760.4,93896,105020,50.97,2.03,24.3,2.5,60.6,17,50,38.3,FALSE,FALSE,FALSE,TRUE,FALSE,FALSE,FALSE,FALSE,FALSE
"277",95133,1995,2487,3000,1930.95532168576,2600,8,12,9,0,25401,7982.3,67444,86580,3.18,0,19.6,2.5,60.8,24.5,49.3,36.1,FALSE,FALSE,FALSE,TRUE,FALSE,FALSE,FALSE,FALSE,FALSE
"278",95134,2575,3010,3765,2235,2760,355,397,54,61,15268,1562.2,104814,119323,9.48,0.29,33.7,4.2,50.8,14,52,31.9,FALSE,FALSE,FALSE,FALSE,FALSE,FALSE,FALSE,FALSE,FALSE
"279",95135,2256.42215103268,2800,3770,1269.52264226393,3690,2,3,12,0,20120,657.7,113806,134791,30.59,0,36.8,2.1,52.6,11.3,47.9,43.5,TRUE,FALSE,FALSE,TRUE,FALSE,FALSE,FALSE,FALSE,FALSE
"280",95136,2145,2506,3040,1745,2416,55,44,33,3,42989,9072.2,87564,104888,4.73,0,47.3,5,27.7,28.2,49,34.8,FALSE,FALSE,FALSE,FALSE,FALSE,FALSE,FALSE,FALSE,FALSE
"281",95138,2159.83584122352,2525,2899,2452.52320017505,2847,2,3,9,0,18889,724.6,144912,191938,26.07,0,37.4,3.1,46.8,17.1,48.8,36.7,TRUE,FALSE,FALSE,TRUE,FALSE,FALSE,FALSE,FALSE,FALSE
"282",95139,1977.52694213244,2329.4587394359,3023.18842155182,1641.30669249689,2172.61883189,0,0,0,0,6748,5482.1,95000,113708,1.23,0,60.6,3.9,15.7,28.2,50.3,37.4,TRUE,TRUE,TRUE,TRUE,TRUE,FALSE,FALSE,FALSE,FALSE
"283",95140,1713.44275683312,2349.63808781917,2318.78102943455,1284.27803948613,2218.93602869102,0,0,0,0,191,1.5,162167,148348,123.73,0.0799999999999998,84.8,1.1,3.7,4.7,57.6,47.3,TRUE,TRUE,TRUE,TRUE,TRUE,FALSE,FALSE,FALSE,FALSE
"284",95148,1952,2619,3134,2012.26709036537,2619,6,6,10,0,45528,4782.4,105577,121847,9.42,0.1,21.3,3.2,57.2,26.4,50,36.6,FALSE,FALSE,FALSE,TRUE,FALSE,FALSE,FALSE,FALSE,FALSE
"285",95206,607.067508880094,414.688721426631,-146.341509216201,1327.79516206282,530.393726691317,0,0,0,0,65004,425.6,43454,54231,144.92,7.8,23.8,14.7,18.9,56.5,49.9,27.7,TRUE,TRUE,TRUE,TRUE,TRUE,FALSE,FALSE,FALSE,FALSE
"286",95219,1075.0540955994,1177,1838.95204114019,1003.52093480906,1157,1,6,0,0,27884,431.5,75992,99636,56.86,7.76,54.1,9.4,20.7,23.5,48.1,36,TRUE,FALSE,TRUE,TRUE,FALSE,FALSE,FALSE,FALSE,FALSE
"287",95234,1714.29582468054,3294.13069586924,1758.83520955876,-370.573806543451,4865.41214017981,0,0,0,0,70.0000000000036,2,5991.45893405247,34466.563316986,33.59,2.12,44.3,1.4,-6.37784561282642,90,57.1,25.5,TRUE,TRUE,TRUE,TRUE,TRUE,TRUE,TRUE,FALSE,TRUE
"288",95304,1793.42826479319,1932.62422217718,2047.82818042582,1425.6240540136,2087.71871207527,0,0,1,0,15706,96.3999999999996,78904,102837,159.44,3.49,65.7,10,7.4,29,62.4,37.2,TRUE,TRUE,TRUE,TRUE,TRUE,FALSE,FALSE,FALSE,FALSE
"289",95322,1770.21683457575,2448.10898814499,1975.202861471,1642.97979903899,2547.81953827013,0,0,0,0,8942,49.3000000000002,43187,55855,174.18,7.26,68.7,1.2,1.7,53.9,51.3,33.8,TRUE,TRUE,TRUE,TRUE,TRUE,FALSE,FALSE,FALSE,FALSE
"290",95360,831.91060024738,1090.47593816385,656.8826969326,1135.53822551857,1455.64617114124,0,1,0,0,11712,34.8000000000002,44252,53896,334.72,1.68,67.1,2.1,1.7,61.1,49.8,31,TRUE,TRUE,TRUE,TRUE,TRUE,FALSE,FALSE,FALSE,FALSE
"291",95363,2004.13244908098,2226.54877130851,2608.24501119057,2007.48201369587,2341.5390136598,0,0,0,0,25237,213.300000000001,56485,70924,118.04,0.3,51.5,5.7,4.7,58.3,50.8,29.9,TRUE,TRUE,TRUE,TRUE,TRUE,FALSE,FALSE,FALSE,FALSE
"292",95376,1365,1372,1600,1163.88432487932,1425,4,10,7,0,49859,6530.1,63446,78960,7.64,0,56.3,6.7,8.7,42.7,49.7,32.3,FALSE,FALSE,FALSE,TRUE,FALSE,FALSE,FALSE,FALSE,FALSE
"293",95377,1376.49282667023,1464.24161124333,1925,662.112284706379,1859,1,2,4,0,30902,285.9,96548,106521,108.05,0.03,47.3,7.6,23.7,28.8,49.6,32.3,TRUE,TRUE,FALSE,TRUE,FALSE,FALSE,FALSE,FALSE,FALSE
"294",95387,2808.93804908322,3547.00912717472,2940.41485713481,2125.23778447897,3141.16648358204,0,0,0,0,636,5.5,44647,51208,115.89,0.03,47,0.5,3.3,77.8,52,29.1,TRUE,TRUE,TRUE,TRUE,TRUE,FALSE,FALSE,FALSE,FALSE
"295",95391,1460.52459509479,1455.68709727698,1987,800,1872,0,1,4,3,9959,412,105357,110042,23.75,0.42,36.8,9.1,38.5,17.6,49.7,31.5,TRUE,TRUE,FALSE,FALSE,FALSE,FALSE,FALSE,FALSE,FALSE
"296",95401,1339,2085,2250,1000,1750,32,37,20,5,36981,1791.7,54840,66881,20.62,0.02,67.1,2.3,4.3,35.9,49.7,34,FALSE,FALSE,FALSE,FALSE,FALSE,FALSE,FALSE,FALSE,FALSE
"297",95403,1634,1739,2395,2250,1662,108,66,22,4,45164,2046.6,58960,78963,22.01,0.0599999999999999,70.9,2.7,5.6,28.2,49.8,36.3,FALSE,FALSE,FALSE,FALSE,FALSE,FALSE,FALSE,FALSE,FALSE
"298",95404,1325,1800,2397,937,1495,35,30,14,8,39761,497,66049,91225,79.97,0.02,78.2,1.9,4.1,21.6,48.5,40.5,FALSE,FALSE,FALSE,FALSE,FALSE,FALSE,FALSE,FALSE,FALSE
"299",95405,1699,1898,2350,1516.24657247598,1712,53,55,10,2,21399,3907.5,69018,88264,5.48,0,84,1.4,3.3,13.1,47,42.9,FALSE,FALSE,FALSE,TRUE,FALSE,FALSE,FALSE,FALSE,FALSE
"300",95407,1150,1560,1900,1014.60367501044,1555,19,17,7,1,39352,1734.6,54781,67399,22.68,0,53.6,3,6.3,51.6,51.5,30.4,FALSE,FALSE,FALSE,TRUE,FALSE,FALSE,FALSE,FALSE,FALSE
"301",95409,1365,1949,2500,1369.93352186846,1915,17,38,16,2,27187,703.7,65757,83484,38.37,0.26,84.6,1.6,4.1,11.9,46.4,49.3,FALSE,FALSE,FALSE,TRUE,FALSE,FALSE,FALSE,FALSE,FALSE
"302",95412,2513.96656913565,1439.41980178475,1589.26876657588,2216.3269808996,1663.4297301526,0,0,0,0,401,4.69999999999982,43125,50531,85.68,0,66.8,11.4714204102883,0.5,26.7,51.9,44.1,TRUE,TRUE,TRUE,TRUE,TRUE,FALSE,FALSE,TRUE,FALSE
"303",95421,1950,2942.00570329639,2266.33405895808,968.500487157597,2225,3,0,1,0,1592,7.30000000000018,63125,79646,216.63,0.31,87.9,0.2,2.5,9.4,52.8,51.5,FALSE,TRUE,TRUE,TRUE,FALSE,FALSE,FALSE,FALSE,FALSE
"304",95425,950,1500,1935,1039.62999180644,1650,3,4,6,0,10841,51.1999999999998,57155,73673,205.71,5.9,76.8,0.5,1.1,29.9,50.3,41.8,FALSE,FALSE,FALSE,TRUE,FALSE,FALSE,FALSE,FALSE,FALSE
"305",95426,1724.44732812392,2472.51460348598,3319.75930421544,1790.10641064322,2213.47291237935,0,1,1,0,2147,105.8,60968,69185,20.28,0.01,91.2,0.7,0.699999999999999,6.3,51.2,50.2,TRUE,TRUE,TRUE,TRUE,TRUE,FALSE,FALSE,FALSE,FALSE
"306",95430,1759.59111710784,1791.33904998914,2469.07100571268,-86.9253240086277,3946.2965798346,0,0,0,0,44,185.2,7231.66347283013,123176.071139813,0.239999999999998,0,81.8,10.0829175567738,-9.3158179233093,18.2,40.9,58,TRUE,TRUE,TRUE,TRUE,TRUE,TRUE,TRUE,TRUE,TRUE
"307",95436,1426.44842512078,1595,1992.61974116368,702.794164929759,1590,2,4,2,1,5418,232.400000000001,50654,63354,22.98,0.33,88.6,0.8,1.4,11.7,51.1,47.4,TRUE,FALSE,TRUE,TRUE,FALSE,FALSE,FALSE,FALSE,FALSE
"308",95439,1293.62836526448,1958.32137374658,2485.00446444141,1166.10506228906,1816.19284205661,0,0,1,0,675,246.5,48750,76061,2.74,0,72.3,0.4,1.6,28,50.2,42.9,TRUE,TRUE,TRUE,TRUE,TRUE,FALSE,FALSE,FALSE,FALSE
"309",95441,2302.76282612585,3260.43244320122,3746.2347287113,1964.13462367152,3076.40721678437,0,0,0,0,2014,19.3999999999996,61652,88288,101.91,1.82,74.3,0.4,0.9,38.1,54.6,42.1,TRUE,TRUE,TRUE,TRUE,TRUE,FALSE,FALSE,FALSE,FALSE
"310",95442,1246.78230768307,1820.1527735476,2592.41868982725,388.519789180755,1400,2,1,0,0,3178,129.9,56170,103011,24.41,0.0599999999999999,86.6,0.6,2.2,14.9,49.8,49.8,TRUE,TRUE,TRUE,TRUE,FALSE,FALSE,FALSE,FALSE,FALSE
"311",95444,1256.8379702996,1630.75261588215,2277.28821582154,1147.83413102977,1876.98687070937,0,1,0,0,748,2764.1,71747,87560,0.269999999999996,0,76.2,0.0999999999999996,2,27.8,47.5,43.7,TRUE,TRUE,TRUE,TRUE,TRUE,FALSE,FALSE,FALSE,FALSE
"312",95445,1152.7193686138,1173.33177246681,2037.76113432427,741.748416827645,1338.08686327346,0,0,0,0,2093,23.6999999999998,37500,54560,85.54,2.84,84.4,0.3,1,19.2,50.1,51.8,TRUE,TRUE,TRUE,TRUE,TRUE,FALSE,FALSE,FALSE,FALSE
"313",95446,1075,1450,1900,1113.30012975915,1195,10,5,3,2,4750,143.6,41267,59155,32.92,0.17,87.7,0.7,1,11.3,54.5,49.1,FALSE,FALSE,FALSE,TRUE,FALSE,FALSE,FALSE,FALSE,FALSE
"314",95448,1500,1750,2600,1281.57880945293,1850,7,13,11,1,16852,89.1000000000004,64004,91080,188.5,0.56,77.2,0.6,1.3,29.1,50.2,43.5,FALSE,FALSE,FALSE,TRUE,FALSE,FALSE,FALSE,FALSE,FALSE
"315",95449,1624.65020829421,1907.38250173726,2811.37107284095,872.597985366492,1789.27625052443,0,0,0,0,1507,11.5,29125,50178,130.59,0.37,67.5,0.5,0.9,30.9,54.5,39.2,TRUE,TRUE,TRUE,TRUE,TRUE,FALSE,FALSE,FALSE,FALSE
"316",95450,2272.95521979357,3257.12199362123,3528.21484575946,1927.99871340101,2710.77051495166,1,0,0,0,386.999999999996,14,50500,76441,27.45,0.27,92.8,0.8,1,7.8,54,55.6,TRUE,TRUE,TRUE,TRUE,TRUE,FALSE,FALSE,FALSE,FALSE
"317",95451,865.807340801276,900,1525,90.9650777280942,1400,0,3,8,0,11213,110.4,44644,58020,96.18,5.4,79.8,1,1,21.9,50,44.6,TRUE,FALSE,FALSE,TRUE,FALSE,FALSE,FALSE,FALSE,FALSE
"318",95452,1536.02046155481,2091.99449095803,3960.12953546419,153.322553776632,2100,1,2,1,0,1393,96.8999999999996,63180,144757,14.37,0,91.4,0.4,1.9,7,49.6,54.3,TRUE,TRUE,TRUE,TRUE,FALSE,FALSE,FALSE,FALSE,FALSE
"319",95457,1812.02161506778,2641.20923194489,2628.54504659382,1379.28224373356,2561.68372983734,1,0,1,0,2893,19,45862,60408,148.41,4.22,84.4,2.2,0.699999999999999,13.2,52.1,49,TRUE,TRUE,TRUE,TRUE,TRUE,FALSE,FALSE,FALSE,FALSE
"320",95461,1190.83619448713,1949.09737188269,2089.85046836007,860.015944501039,1446.92733632064,0,1,0,0,3413,27.1000000000004,52917,68471,125.22,0.71,83,0.6,1,16.9,52,45.7,TRUE,TRUE,TRUE,TRUE,TRUE,FALSE,FALSE,FALSE,FALSE
"321",95462,990,1044.27069293721,1400.91539235272,249.490578082187,1000,4,1,1,0,1417,231.099999999999,36900,49616,5.87,0.26,90.3,0.7,1.1,6.8,53.1,51.6,FALSE,TRUE,TRUE,TRUE,FALSE,FALSE,FALSE,FALSE,FALSE
"322",95465,2551.79044900613,2651.9199166051,3324.01706015592,1769.61645957595,2794.46275798675,1,1,0,0,2083,49.3000000000002,74429,100122,41.71,0.56,90.3,0.4,1.4,6.7,51.1,50,TRUE,TRUE,TRUE,TRUE,TRUE,FALSE,FALSE,FALSE,FALSE
"323",95467,1546.10598484676,1740.37448809207,3070.46882959648,1308.25605292243,1965.03744667638,0,1,0,0,5498,551.5,63958,76403,9.81,0.15,86.6,1.2,1.4,13,49.3,41.2,TRUE,TRUE,TRUE,TRUE,TRUE,FALSE,FALSE,FALSE,FALSE
"324",95471,1303.8984306449,1600,2034.50804171143,1146.45227927836,1600,0,3,0,0,522,362,41923,44377,1.44,0,84.9,0.8,1.3,10.9,53.5,47.6,TRUE,FALSE,TRUE,TRUE,FALSE,FALSE,FALSE,FALSE,FALSE
"325",95472,1295,1550,3300,653.894077001351,1490,17,14,5,0,28255,408.4,70305,89449,69.14,0.04,89.9,0.8,1.7,10.2,48.2,48.8,FALSE,FALSE,FALSE,TRUE,FALSE,FALSE,FALSE,FALSE,FALSE
"326",95476,1300,2000,2700,899.664812093495,2000,23,30,19,0,35394,313.8,58012,94132,111.99,0.82,80.4,0.5,2.1,28.2,48.1,44.9,FALSE,FALSE,FALSE,TRUE,FALSE,FALSE,FALSE,FALSE,FALSE
"327",95492,1702.14366943939,1650,2400,941.285912523751,2350,0,5,11,0,28532,1498.2,79017,92382,19.03,0.02,74,0.8,2.9,31.6,49.4,37.2,TRUE,FALSE,FALSE,TRUE,FALSE,FALSE,FALSE,FALSE,FALSE
"328",95497,1764.56209100645,2681.14338453745,3441.50311375993,1504.70639978301,2638.18551959864,0,0,0,0,1305,80.3999999999996,57400,87165,16.16,0.09,93.5,1.2,0.800000000000001,9,47.8,63.7,TRUE,TRUE,TRUE,TRUE,TRUE,FALSE,FALSE,FALSE,FALSE
"329",95606,1494.61043900943,1985.85714491021,3411.88113240824,1515.8278621656,2343.89364425491,0,0,0,0,196,5.39999999999964,175833,136648,36.32,0,69.4,1,1.5,16.8,52.6,40.8,TRUE,TRUE,TRUE,TRUE,TRUE,FALSE,FALSE,FALSE,FALSE
"330",95607,1179.92037069001,1682.85044032098,1183.05623686866,1192.8064760325,1492.750823661,0,0,0,0,431,3.19999999999982,105433,84018,134.25,0.25,78,1.2,1.6,16.9,51.7,49.5,TRUE,TRUE,TRUE,TRUE,TRUE,FALSE,FALSE,FALSE,FALSE
"331",95612,1328.25074630804,2170.50468405083,1866.9012664166,1597.59326035443,1863.68395492856,0,0,0,0,1239,21.3000000000002,54167,66637,55.48,2.77,75.8,0.2,3.9,35.8,50.9,44,TRUE,TRUE,TRUE,TRUE,TRUE,FALSE,FALSE,FALSE,FALSE
"332",95615,1952.69291262629,2199.08495746874,2847.38742725914,1353.13234027518,2557.07764875334,0,0,1,0,833.999999999996,34.6999999999998,60694,75121,23.24,0.83,67.6,0.0999999999999996,2.3,54.3,53,37.9,TRUE,TRUE,TRUE,TRUE,TRUE,FALSE,FALSE,FALSE,FALSE
"333",95616,1100,1360,2040,1615.76655888895,1255,13,17,5,2,47032,1705.2,47946,78428,27.56,0.02,63.1,2.2,23.5,12,46.6,23.4,FALSE,FALSE,FALSE,TRUE,FALSE,FALSE,FALSE,FALSE,FALSE
"334",95618,1095,1257,1496.72262055845,1322.69414707996,1225,3,6,1,0,27281,778.800000000001,82490,107864,34.93,0.1,64.8,2.4,21.8,13.3,48.7,28.4,FALSE,FALSE,TRUE,TRUE,FALSE,FALSE,FALSE,FALSE,FALSE
"335",95620,1050.22229114361,530.690530922198,561.321069976827,265.608866763543,1153,0,1,2,1,20553,84.3000000000002,71043,80236,240.76,2.91,70.9,2.8,3.5,41.5,49.8,33.6,TRUE,TRUE,TRUE,TRUE,FALSE,FALSE,FALSE,FALSE,FALSE
"336",95625,2356.41746851811,1163.96786966638,1061.18247872853,2217.08516638151,1797.37525061889,0,0,0,0,155,134.2,73702,66093,1.15,0,81.9,3.08582873761181,1.3,18.1,55.5,41.7,TRUE,TRUE,TRUE,TRUE,TRUE,FALSE,FALSE,TRUE,FALSE
"337",95637,1040.84915611402,1005.82187658849,2119.5424520658,888.780541490242,1258.57979046638,0,0,0,0,370,17.5,78029,82147,21.09,0,74.1,9.7,0.300000000000001,20,50,52.7,TRUE,TRUE,TRUE,TRUE,TRUE,FALSE,FALSE,FALSE,FALSE
"338",95641,1235.80661696821,235.148075977233,968.737606807954,-81.4266125232605,875,1,1,0,1,1986,42.1999999999998,35417,48280,44.62,2.48,74.8,1.3,3.7,29.8,53.1,50,TRUE,TRUE,TRUE,TRUE,FALSE,FALSE,FALSE,FALSE,FALSE
"339",95679,4037.32377677327,2671.71963037602,3608.26626041104,2579.71644566265,2711.41268671825,0,0,0,0,55,1.19999999999982,101656.486089073,236215.185243651,45.9,0.27,94.6,-7.89473779567203,1.8,10.9,50.9,47.1,TRUE,TRUE,TRUE,TRUE,TRUE,TRUE,TRUE,TRUE,FALSE
"340",95680,3369.0266549265,2030.06805175106,2428.61599803516,2208.50591548527,2694.05163801311,0,0,0,0,146,70.6999999999998,38884.5199130844,122791.161844093,2.01,0.05,60.3,-1.81884911900305,2.1,55.5,52.7,33.7,TRUE,TRUE,TRUE,TRUE,TRUE,TRUE,TRUE,TRUE,FALSE
"341",95687,1279,1517,1680,1178,1505,25,46,10,3,65096,1487.6,72555,84775,43.52,0.24,64.4,12.6,6.4,21.5,54.6,37.9,FALSE,FALSE,FALSE,FALSE,FALSE,FALSE,FALSE,FALSE,FALSE
"342",95688,1350,1300,1660,1026.55851404995,1474,5,7,8,0,34379,422,80727,99957,81.19,0.29,72.8,4.4,4.9,24.5,49.4,37.9,FALSE,FALSE,FALSE,TRUE,FALSE,FALSE,FALSE,FALSE,FALSE
"343",95690,1709.23757332202,2046.59546113979,2424.27412443307,1423.58493498138,2037.88448589154,0,0,0,0,2533,42.1000000000004,64681,91912,57.28,2.93,63.8,1.2,5.2,50.7,53.4,39,TRUE,TRUE,TRUE,TRUE,TRUE,FALSE,FALSE,FALSE,FALSE
"344",95694,1447.54965954588,2091.10973713857,2453.31164450378,1310.37022930447,2054.41505698347,0,0,0,0,9156,61.1999999999998,64815,82610,149.21,0.37,70.8,0.8,1.1,49.1,50.8,37.7,TRUE,TRUE,TRUE,TRUE,TRUE,FALSE,FALSE,FALSE,FALSE
