"","zipcode","X1br_rent","X2br_rent","X3br_rent","studio_rent","all_rent","X1br_availability","X2br_availability","X3br_availability","studio_availability","missing_X1br_rent","missing_X2br_rent","missing_X3br_rent","missing_studio_rent","missing_all_rent","zipcode.1","X1br_rent.1","X2br_rent.1","X3br_rent.1","studio_rent.1","all_rent.1","X1br_availability.1","X2br_availability.1","X3br_availability.1","studio_availability.1","missing_X1br_rent.1","missing_X2br_rent.1","missing_X3br_rent.1","missing_studio_rent.1","missing_all_rent.1"
"1",94118,2800,3700,4995,2125,3500,65,103,37,20,FALSE,FALSE,FALSE,FALSE,FALSE,94118,2800,3700,4995,2125,3500,65,103,37,20,FALSE,FALSE,FALSE,FALSE,FALSE
"2",94121,2400,3200,4000,1745,2750,69,67,19,14,FALSE,FALSE,FALSE,FALSE,FALSE,94121,2400,3200,4000,1745,2750,69,67,19,14,FALSE,FALSE,FALSE,FALSE,FALSE
"3",94122,2400,3300,3900,2000,2995,82,77,38,19,FALSE,FALSE,FALSE,FALSE,FALSE,94122,2400,3300,3900,2000,2995,82,77,38,19,FALSE,FALSE,FALSE,FALSE,FALSE
"4",94123,3200,4995,7250,2350,3600,113,93,23,39,FALSE,FALSE,FALSE,FALSE,FALSE,94123,3200,4995,7250,2350,3600,113,93,23,39,FALSE,FALSE,FALSE,FALSE,FALSE
"5",94124,1925,2872,3350,1842.55477850123,2990,4,22,9,1,FALSE,FALSE,FALSE,TRUE,FALSE,94124,1925,2872,3350,1702.77542930939,2990,4,22,9,1,FALSE,FALSE,FALSE,TRUE,FALSE
"6",94127,2325,3500,4800,1953.18725043509,3700,12,7,19,1,FALSE,FALSE,FALSE,TRUE,FALSE,94127,2325,3500,4800,1707.87723772953,3700,12,7,19,1,FALSE,FALSE,FALSE,TRUE,FALSE
"7",94128,1641.71226323618,3151.10424126264,3531.26965488282,1494.06478577007,2711.4137016575,0,0,0,0,TRUE,TRUE,TRUE,TRUE,TRUE,94128,1910.88522662697,2892.75977681897,3582.25713178966,1921.76841663021,2424.63497509929,0,0,0,0,TRUE,TRUE,TRUE,TRUE,TRUE
"8",94129,3362,5605,5050.24336036412,2997.86314573928,3751,9,7,0,0,FALSE,FALSE,TRUE,TRUE,FALSE,94129,3362,5605,6781.05118812096,2593.07401696092,3751,9,7,0,0,FALSE,FALSE,TRUE,TRUE,FALSE
"9",94130,3690,4440.03056987021,4612.15580098611,2802.83538799582,3690,5,0,0,0,FALSE,TRUE,TRUE,TRUE,FALSE,94130,3690,4872.24732249215,6310.73381059717,2390.34851685991,3690,5,0,0,0,FALSE,TRUE,TRUE,TRUE,FALSE
"10",94131,2895,3800,5550,2125,3695,49,50,37,10,FALSE,FALSE,FALSE,FALSE,FALSE,94131,2895,3800,5550,2125,3695,49,50,37,10,FALSE,FALSE,FALSE,FALSE,FALSE
"11",94132,2580,3137,4170,1949,2850,42,30,26,5,FALSE,FALSE,FALSE,FALSE,FALSE,94132,2580,3137,4170,1949,2850,42,30,26,5,FALSE,FALSE,FALSE,FALSE,FALSE
"12",94133,3000,4600,6550,2459,3575,74,73,13,16,FALSE,FALSE,FALSE,FALSE,FALSE,94133,3000,4600,6550,2459,3575,74,73,13,16,FALSE,FALSE,FALSE,FALSE,FALSE
"13",94134,1425,2800,3500,1845,2700,11,27,17,4,FALSE,FALSE,FALSE,FALSE,FALSE,94134,1425,2800,3500,1845,2700,11,27,17,4,FALSE,FALSE,FALSE,FALSE,FALSE
"14",94158,3635,4849,5561.13091925019,3207,3818,62,42,0,9,FALSE,FALSE,TRUE,FALSE,FALSE,94158,3635,4849,6351.20759131275,3207,3818,62,42,0,9,FALSE,FALSE,TRUE,FALSE,FALSE
"15",94301,2825,3825,5650,2195,3500,46,52,20,16,FALSE,FALSE,FALSE,FALSE,FALSE,94301,2825,3825,5650,2195,3500,46,52,20,16,FALSE,FALSE,FALSE,FALSE,FALSE
"16",94303,1894,2595,4725,1565,2440,52,16,40,16,FALSE,FALSE,FALSE,FALSE,FALSE,94303,1894,2595,4725,1565,2440,52,16,40,16,FALSE,FALSE,FALSE,FALSE,FALSE
"17",94304,2875,4475,7009.5618651171,2660,3765,5,9,0,3,FALSE,FALSE,TRUE,FALSE,FALSE,94304,2875,4475,5362.78739204889,2660,3765,5,9,0,3,FALSE,FALSE,TRUE,FALSE,FALSE
"18",94305,2771.65976530334,4000,4659.87426832923,1882.46624907473,3750,1,3,0,0,TRUE,FALSE,TRUE,TRUE,FALSE,94305,3080.47965629492,4000,5397.36450261606,2323.33267923075,3750,1,3,0,0,TRUE,FALSE,TRUE,TRUE,FALSE
"19",94306,2095,3400,4900,1945,2950,76,92,34,14,FALSE,FALSE,FALSE,FALSE,FALSE,94306,2095,3400,4900,1945,2950,76,92,34,14,FALSE,FALSE,FALSE,FALSE,FALSE
"20",94401,2250,2950,4249,1775,2559,79,77,8,8,FALSE,FALSE,FALSE,FALSE,FALSE,94401,2250,2950,4249,1775,2559,79,77,8,8,FALSE,FALSE,FALSE,FALSE,FALSE
"21",94402,2312,2898,5022,1980,2700,24,42,10,6,FALSE,FALSE,FALSE,FALSE,FALSE,94402,2312,2898,5022,1980,2700,24,42,10,6,FALSE,FALSE,FALSE,FALSE,FALSE
"22",94403,2529,3317,3662,1943,3000,97,125,58,17,FALSE,FALSE,FALSE,FALSE,FALSE,94403,2529,3317,3662,1943,3000,97,125,58,17,FALSE,FALSE,FALSE,FALSE,FALSE
"23",94404,2503,3071,4200,2019,2763,259,248,25,5,FALSE,FALSE,FALSE,FALSE,FALSE,94404,2503,3071,4200,2019,2763,259,248,25,5,FALSE,FALSE,FALSE,FALSE,FALSE
"24",94501,1750,2150,2950,2067,2050,71,67,21,17,FALSE,FALSE,FALSE,FALSE,FALSE,94501,1750,2150,2950,2067,2050,71,67,21,17,FALSE,FALSE,FALSE,FALSE,FALSE
"25",94502,2378,3517.10807812895,2613.62403767923,2405.07591710455,2970,5,1,1,0,FALSE,TRUE,TRUE,TRUE,FALSE,94502,2378,3312.39254292782,4653.34840232577,1488.8806117465,2970,5,1,1,0,FALSE,TRUE,TRUE,TRUE,FALSE
"26",94503,1667,1619,1999,1118.27143985275,1697,3,7,4,0,FALSE,FALSE,FALSE,TRUE,FALSE,94503,1667,1619,1999,763.819418691082,1697,3,7,4,0,FALSE,FALSE,FALSE,TRUE,FALSE
"27",94505,940.362279071369,1562.80526226361,2075,884.555871463504,1950,1,2,4,0,TRUE,TRUE,FALSE,TRUE,FALSE,94505,1901.41232357149,1576.63118841684,2075,814.702647347027,1950,1,2,4,0,TRUE,TRUE,FALSE,TRUE,FALSE
"28",94506,1995.42495949287,2308,3650,1310.96221095236,2315,1,14,9,0,TRUE,FALSE,FALSE,TRUE,FALSE,94506,1597.10851553326,2308,3650,1439.65605081446,2315,1,14,9,0,TRUE,FALSE,FALSE,TRUE,FALSE
"29",94507,2069.56207109782,3596.70323564696,3750,2419.613330656,3350,1,1,6,0,TRUE,TRUE,FALSE,TRUE,FALSE,94507,2688.28649251455,2493.23221043708,3750,1667.72248220488,3350,1,1,6,0,TRUE,TRUE,FALSE,TRUE,FALSE
"30",94508,991.07386750063,1259.17541074541,1123.01152518488,975,932,1,0,0,3,TRUE,TRUE,TRUE,FALSE,FALSE,94508,1101.85100818153,1409.95006973914,2091.15728401783,975,932,1,0,0,3,TRUE,TRUE,TRUE,FALSE,FALSE
"31",94509,1050,1295,1595,938.977686061523,1385,27,55,39,2,FALSE,FALSE,FALSE,TRUE,FALSE,94509,1050,1295,1595,1293.50933742536,1385,27,55,39,2,FALSE,FALSE,FALSE,TRUE,FALSE
"32",94510,1250,1650,2200,1507.08232328484,1650,16,24,15,0,FALSE,FALSE,FALSE,TRUE,FALSE,94510,1250,1650,2200,1207.10227462715,1650,16,24,15,0,FALSE,FALSE,FALSE,TRUE,FALSE
"33",94511,2298.09880906813,4072.89851019406,5335.53505042112,1981.68393472838,3086.266557887,0,1,0,1,TRUE,TRUE,TRUE,TRUE,TRUE,94511,2185.84968316198,3730.63590399687,3540.12598146946,2043.28127693374,3516.72461633259,0,1,0,1,TRUE,TRUE,TRUE,TRUE,TRUE
"34",94512,1550.55638787502,3233.47060101687,3384.49918571784,1493.2018982237,2659.37539803254,0,0,0,0,TRUE,TRUE,TRUE,TRUE,TRUE,94512,1835.49834986408,3706.16810839547,3535.92404977266,1638.66801971104,3200.57691624467,0,0,0,0,TRUE,TRUE,TRUE,TRUE,TRUE
"35",94513,1362,1595,1950,1682.21893195382,1850,6,7,23,1,FALSE,FALSE,FALSE,TRUE,FALSE,94513,1362,1595,1950,1330.12326430577,1850,6,7,23,1,FALSE,FALSE,FALSE,TRUE,FALSE
"36",94514,1872.50710746518,3905.60206096462,2813.16615786406,1804.95964936187,3198.25833916388,0,0,2,0,TRUE,TRUE,TRUE,TRUE,TRUE,94514,2095.42095239474,3221.33546517286,2866.50768412116,1794.42103224466,3126.43354595166,0,0,2,0,TRUE,TRUE,TRUE,TRUE,TRUE
"37",94515,1147,3400,2600,1793.62027761292,2500,4,5,5,0,FALSE,FALSE,FALSE,TRUE,FALSE,94515,1147,3400,2600,1463.58372319798,2500,4,5,5,0,FALSE,FALSE,FALSE,TRUE,FALSE
"38",94516,2128.16462409767,4859.13950220441,4707.06022971531,2470.94138318217,3900.30305518066,0,0,0,0,TRUE,TRUE,TRUE,TRUE,TRUE,94516,2339.80854041291,3807.19486178873,5203.21744854782,1459.12737544821,3549.15524724905,0,0,0,0,TRUE,TRUE,TRUE,TRUE,TRUE
"39",94517,1786.58379880169,2339.14133486489,2600,1302.52839645583,2600,0,1,3,1,TRUE,TRUE,FALSE,TRUE,FALSE,94517,1996.77317514011,2224.1888168876,2600,1139.01873034403,2600,0,1,3,1,TRUE,TRUE,FALSE,TRUE,FALSE
"40",94518,1574,1886,2050,800.741832683853,1870,18,26,10,0,FALSE,FALSE,FALSE,TRUE,FALSE,94518,1574,1886,2050,825.218937042123,1870,18,26,10,0,FALSE,FALSE,FALSE,TRUE,FALSE
"41",94519,1356.22468428254,1572,2147,532.122663096465,2100,1,4,18,0,TRUE,FALSE,FALSE,TRUE,FALSE,94519,1462.09047362157,1572,2147,657.001844869553,2100,1,4,18,0,TRUE,FALSE,FALSE,TRUE,FALSE
"42",94520,1350,1605,2300,1045,1645,63,78,14,4,FALSE,FALSE,FALSE,FALSE,FALSE,94520,1350,1605,2300,1045,1645,63,78,14,4,FALSE,FALSE,FALSE,FALSE,FALSE
"43",94521,1400,1700,2237,972.325996820506,1795,10,24,16,1,FALSE,FALSE,FALSE,TRUE,FALSE,94521,1400,1700,2237,1070.89013867384,1795,10,24,16,1,FALSE,FALSE,FALSE,TRUE,FALSE
"44",94523,1830,2278,2905,1555,2198,62,125,26,10,FALSE,FALSE,FALSE,FALSE,FALSE,94523,1830,2278,2905,1555,2198,62,125,26,10,FALSE,FALSE,FALSE,FALSE,FALSE
"45",94525,1340.67637276066,1253.74685202853,2500,819.096000365198,1562,1,2,3,0,TRUE,TRUE,FALSE,TRUE,FALSE,94525,874.585762736527,1249.95154713087,2500,325.73664243768,1562,1,2,3,0,TRUE,TRUE,FALSE,TRUE,FALSE
"46",94526,1871.57532976218,2265,3500,1373.35368003051,2265,1,15,9,0,TRUE,FALSE,FALSE,TRUE,FALSE,94526,1684.10002552774,2265,3500,1447.21903529073,2265,1,15,9,0,TRUE,FALSE,FALSE,TRUE,FALSE
"47",94528,2117.54923894776,3845.95017506318,3851.6644712035,1639.41232229472,2959.9654617434,0,0,0,0,TRUE,TRUE,TRUE,TRUE,TRUE,94528,2988.40451521369,4278.4478361504,4927.72084658916,2485.8553719994,3478.16342122054,0,0,0,0,TRUE,TRUE,TRUE,TRUE,TRUE
"48",94530,1703,2187,2850,1120,1900,14,22,8,5,FALSE,FALSE,FALSE,FALSE,FALSE,94530,1703,2187,2850,1120,1900,14,22,8,5,FALSE,FALSE,FALSE,FALSE,FALSE
"49",94531,1771,1737,1850,1202.54990351316,1795,18,14,18,0,FALSE,FALSE,FALSE,TRUE,FALSE,94531,1771,1737,1850,1361.63568778757,1795,18,14,18,0,FALSE,FALSE,FALSE,TRUE,FALSE
"50",94533,987,1392,1595,951.197621963228,1275,34,55,21,1,FALSE,FALSE,FALSE,TRUE,FALSE,94533,987,1392,1595,1400.52762137212,1275,34,55,21,1,FALSE,FALSE,FALSE,TRUE,FALSE
"51",94534,1470,1754,2175,1213.09787333756,1714,10,7,8,1,FALSE,FALSE,FALSE,TRUE,FALSE,94534,1470,1754,2175,1804.82026087618,1714,10,7,8,1,FALSE,FALSE,FALSE,TRUE,FALSE
"52",94535,2322.3374868409,3647.38252864198,4019.9960663557,2168.46371058681,3209.88578212207,0,0,0,0,TRUE,TRUE,TRUE,TRUE,TRUE,94535,1818.00444741677,2947.05174929735,3811.77010505389,1555.88120293093,2500.55514353846,0,0,0,0,TRUE,TRUE,TRUE,TRUE,TRUE
"53",94536,2052,2500,2650,1495,2359,90,118,25,5,FALSE,FALSE,FALSE,FALSE,FALSE,94536,2052,2500,2650,1495,2359,90,118,25,5,FALSE,FALSE,FALSE,FALSE,FALSE
"54",94538,2144,2570,2985,1612,2340,165,147,40,8,FALSE,FALSE,FALSE,FALSE,FALSE,94538,2144,2570,2985,1612,2340,165,147,40,8,FALSE,FALSE,FALSE,FALSE,FALSE
"55",94539,2187,2750,3200,1561.85988096036,2750,6,13,10,0,FALSE,FALSE,FALSE,TRUE,FALSE,94539,2187,2750,3200,2051.53874815655,2750,6,13,10,0,FALSE,FALSE,FALSE,TRUE,FALSE
"56",94541,1810,2135,2287,1757,1975,51,81,10,7,FALSE,FALSE,FALSE,FALSE,FALSE,94541,1810,2135,2287,1757,1975,51,81,10,7,FALSE,FALSE,FALSE,FALSE,FALSE
"57",94542,1691,2450,2892.83428786832,1939.78047885222,1930,11,13,1,0,FALSE,FALSE,TRUE,TRUE,FALSE,94542,1691,2450,3147.98240130666,1351.10604706436,1930,11,13,1,0,FALSE,FALSE,TRUE,TRUE,FALSE
"58",94544,1635,1965,2300,1349.42294802508,1841,110,89,31,1,FALSE,FALSE,FALSE,TRUE,FALSE,94544,1635,1965,2300,1539.56273443331,1841,110,89,31,1,FALSE,FALSE,FALSE,TRUE,FALSE
"59",94545,1595,1909,2297,1460.96648791688,1946,11,13,18,2,FALSE,FALSE,FALSE,TRUE,FALSE,94545,1595,1909,2297,876.370799511864,1946,11,13,18,2,FALSE,FALSE,FALSE,TRUE,FALSE
"60",94546,1530,1910,2345,1090.85555393868,1845,40,59,16,2,FALSE,FALSE,FALSE,TRUE,FALSE,94546,1530,1910,2345,1437.79658421516,1845,40,59,16,2,FALSE,FALSE,FALSE,TRUE,FALSE
"61",94547,1043.42290621963,1625,2600,573.569545649753,1850,0,8,6,0,TRUE,FALSE,FALSE,TRUE,FALSE,94547,1142.29728035807,1625,2600,1030.2053622832,1850,0,8,6,0,TRUE,FALSE,FALSE,TRUE,FALSE
"62",94548,1444.07841952522,2685.76936764318,2679.27817533659,1521.10047658941,2096.07146280017,0,0,0,0,TRUE,TRUE,TRUE,TRUE,TRUE,94548,1584.56013993564,3140.61068551822,3764.69403399281,1703.51440240424,2558.3377206173,0,0,0,0,TRUE,TRUE,TRUE,TRUE,TRUE
"63",94549,1850,2380,3639,1300,2350,17,39,8,3,FALSE,FALSE,FALSE,FALSE,FALSE,94549,1850,2380,3639,1300,2350,17,39,8,3,FALSE,FALSE,FALSE,FALSE,FALSE
"64",94550,1705,2250,2635,1510.13831252062,2234,12,47,13,0,FALSE,FALSE,FALSE,TRUE,FALSE,94550,1705,2250,2635,1514.54034849853,2234,12,47,13,0,FALSE,FALSE,FALSE,TRUE,FALSE
"65",94551,1471,1811,2885,918.69667190256,1953,10,22,18,2,FALSE,FALSE,FALSE,TRUE,FALSE,94551,1471,1811,2885,1122.90193164959,1953,10,22,18,2,FALSE,FALSE,FALSE,TRUE,FALSE
"66",94552,2424.76710046535,2790.39442900614,3092,1917.64866367649,2990,1,0,4,0,TRUE,TRUE,FALSE,TRUE,FALSE,94552,2389.29988740723,2948.54677171697,3092,1457.47853444906,2990,1,0,4,0,TRUE,TRUE,FALSE,TRUE,FALSE
"67",94553,1581,1825,2600,1050,1669,37,43,4,5,FALSE,FALSE,FALSE,FALSE,FALSE,94553,1581,1825,2600,1050,1669,37,43,4,5,FALSE,FALSE,FALSE,FALSE,FALSE
"68",94555,1550,2385,2900,1480.62015989033,2400,5,18,16,2,FALSE,FALSE,FALSE,TRUE,FALSE,94555,1550,2385,2900,1404.06900191898,2400,5,18,16,2,FALSE,FALSE,FALSE,TRUE,FALSE
"69",94556,1425,2200,2975,775.887096794193,2400,3,11,9,0,FALSE,FALSE,FALSE,TRUE,FALSE,94556,1425,2200,2975,873.589280066241,2400,3,11,9,0,FALSE,FALSE,FALSE,TRUE,FALSE
"70",94558,1483,2200,2500,1125,2175,22,45,41,4,FALSE,FALSE,FALSE,FALSE,FALSE,94558,1483,2200,2500,1125,2175,22,45,41,4,FALSE,FALSE,FALSE,FALSE,FALSE
"71",94559,1212,1770,2697,1135.16320165251,1995,22,33,32,0,FALSE,FALSE,FALSE,TRUE,FALSE,94559,1212,1770,2697,1020.39260026894,1995,22,33,32,0,FALSE,FALSE,FALSE,TRUE,FALSE
"72",94560,2197,2525,2750,1569.43092352969,2444,33,58,12,0,FALSE,FALSE,FALSE,TRUE,FALSE,94560,2197,2525,2750,1450.65266644497,2444,33,58,12,0,FALSE,FALSE,FALSE,TRUE,FALSE
"73",94561,780.266740733347,1276.83497661449,1700,1017.87940167936,1685,1,0,13,0,TRUE,TRUE,FALSE,TRUE,FALSE,94561,1518.10651495928,1297.21659769796,1700,899.030713620331,1685,1,0,13,0,TRUE,TRUE,FALSE,TRUE,FALSE
"74",94563,1850,3000,3625,2055.05558428757,2500,6,5,6,2,FALSE,FALSE,FALSE,TRUE,FALSE,94563,1850,3000,3625,1896.43719131406,2500,6,5,6,2,FALSE,FALSE,FALSE,TRUE,FALSE
"75",94564,1025,1500,2345,1154.84623829465,1843,4,5,7,1,FALSE,FALSE,FALSE,TRUE,FALSE,94564,1025,1500,2345,1056.79734732657,1843,4,5,7,1,FALSE,FALSE,FALSE,TRUE,FALSE
"76",94565,1200,1450,1800,911,1527,17,30,39,4,FALSE,FALSE,FALSE,FALSE,FALSE,94565,1200,1450,1800,911,1527,17,30,39,4,FALSE,FALSE,FALSE,FALSE,FALSE
"77",94566,1838,2114,3100,1751.48320616579,2084,108,100,27,2,FALSE,FALSE,FALSE,TRUE,FALSE,94566,1838,2114,3100,1771.36323096823,2084,108,100,27,2,FALSE,FALSE,FALSE,TRUE,FALSE
"78",94567,1704.02608457231,3777.14718795811,4113.36965967341,2277.4379074033,3093.60212060153,0,0,1,0,TRUE,TRUE,TRUE,TRUE,TRUE,94567,1061.24204053126,2846.45016449032,2547.37184832812,1389.02689110231,2321.36953843525,0,0,1,0,TRUE,TRUE,TRUE,TRUE,TRUE
"79",94568,2154,2612,3106,1995,2397,98,110,57,3,FALSE,FALSE,FALSE,FALSE,FALSE,94568,2154,2612,3106,1995,2397,98,110,57,3,FALSE,FALSE,FALSE,FALSE,FALSE
"80",94569,1780.22466204401,3336.89451118031,4208.88774810953,2038.81547182575,2769.77290397937,0,0,0,1,TRUE,TRUE,TRUE,TRUE,TRUE,94569,1371.51314904278,3115.69522099167,3657.42168457582,1562.9263022062,2369.18211024681,0,0,0,1,TRUE,TRUE,TRUE,TRUE,TRUE
"81",94571,1509.8679307036,2713.0226776689,2712.68319118448,961.082328645977,2181.32229461049,0,2,0,0,TRUE,TRUE,TRUE,TRUE,TRUE,94571,1860.48092453923,3190.45933948709,2939.03312829962,1402.80276511301,2423.67686269531,0,2,0,0,TRUE,TRUE,TRUE,TRUE,TRUE
"82",94572,913.422051474515,1450,2663.75471370891,796.981878506578,1450,1,4,1,1,TRUE,FALSE,TRUE,TRUE,FALSE,94572,1374.21702821568,1450,2609.56548359818,996.636010865235,1450,1,4,1,1,TRUE,FALSE,TRUE,TRUE,FALSE
"83",94573,1733.66193864883,3399.90962857527,3788.45428527649,1836.91832724774,2434.34523054371,0,0,0,0,TRUE,TRUE,TRUE,TRUE,TRUE,94573,1536.88605544319,2799.8596506015,3063.77697097653,1628.87659193796,2643.23226596228,0,0,0,0,TRUE,TRUE,TRUE,TRUE,TRUE
"84",94574,1575,2049,2521.2949556659,1023.93965727134,1925,4,8,2,0,FALSE,FALSE,TRUE,TRUE,FALSE,94574,1575,2049,2694.19408741916,1443.14861256389,1925,4,8,2,0,FALSE,FALSE,TRUE,TRUE,FALSE
"85",94575,1644.81507142233,3699.81870125818,3330.68700801434,1631.33795304234,2660.88185289674,0,0,0,0,TRUE,TRUE,TRUE,TRUE,TRUE,94575,2067.99702189324,4120.96511017232,4165.35540510739,1856.8148915217,3490.886182843,0,0,0,0,TRUE,TRUE,TRUE,TRUE,TRUE
"86",94576,1182.62811147695,2868.67559873195,2188.17883682316,1705.93212518095,2062.42270801583,0,0,0,0,TRUE,TRUE,TRUE,TRUE,TRUE,94576,2163.56183481616,3926.61055894518,3833.11121531525,2247.60769699465,3089.58047264464,0,0,0,0,TRUE,TRUE,TRUE,TRUE,TRUE
"87",94577,1500,1772,2300,1057.40234289059,1707,26,40,8,2,FALSE,FALSE,FALSE,TRUE,FALSE,94577,1500,1772,2300,1391.20720382487,1707,26,40,8,2,FALSE,FALSE,FALSE,TRUE,FALSE
"88",94578,1337,1812,2350,928.277912250488,1695,18,30,11,2,FALSE,FALSE,FALSE,TRUE,FALSE,94578,1337,1812,2350,1202.57166506662,1695,18,30,11,2,FALSE,FALSE,FALSE,TRUE,FALSE
"89",94579,1102,1895,2400,879.125692886705,1997,4,10,8,0,FALSE,FALSE,FALSE,TRUE,FALSE,94579,1102,1895,2400,893.068980863764,1997,4,10,8,0,FALSE,FALSE,FALSE,TRUE,FALSE
"90",94580,1375,1700,2300,1230.04366542066,1700,6,11,9,1,FALSE,FALSE,FALSE,TRUE,FALSE,94580,1375,1700,2300,926.8519205191,1700,6,11,9,1,FALSE,FALSE,FALSE,TRUE,FALSE
"91",94582,1865,2357,3300,1592,2163,44,42,33,3,FALSE,FALSE,FALSE,FALSE,FALSE,94582,1865,2357,3300,1592,2163,44,42,33,3,FALSE,FALSE,FALSE,FALSE,FALSE
"92",94583,1925,2295,3400,1990.72815314514,2314,26,51,33,0,FALSE,FALSE,FALSE,TRUE,FALSE,94583,1925,2295,3400,1943.04957264304,2314,26,51,33,0,FALSE,FALSE,FALSE,TRUE,FALSE
"93",94585,1092,1390,1537,1626.73107450248,1320,6,5,6,0,FALSE,FALSE,FALSE,TRUE,FALSE,94585,1092,1390,1537,1073.52507739649,1320,6,5,6,0,FALSE,FALSE,FALSE,TRUE,FALSE
"94",94586,1364.87088146426,2922.60968657619,2798.93656961891,1001.44117887957,2138.36932703537,0,1,0,1,TRUE,TRUE,TRUE,TRUE,TRUE,94586,737.60047370302,1747.88004524137,2001.44634582199,1299.88837900165,1538.95808615618,0,1,0,1,TRUE,TRUE,TRUE,TRUE,TRUE
"95",94587,2010,2228,2760,1731,2175,44,78,14,11,FALSE,FALSE,FALSE,FALSE,FALSE,94587,2010,2228,2760,1731,2175,44,78,14,11,FALSE,FALSE,FALSE,FALSE,FALSE
"96",94588,2032,2362,3355,1718.87670405104,2299,46,51,25,0,FALSE,FALSE,FALSE,TRUE,FALSE,94588,2032,2362,3355,1467.42673350789,2299,46,51,25,0,FALSE,FALSE,FALSE,TRUE,FALSE
"97",94589,985,1100,1762,1320.25897488824,1147,4,14,10,0,FALSE,FALSE,FALSE,TRUE,FALSE,94589,985,1100,1762,1097.42540548476,1147,4,14,10,0,FALSE,FALSE,FALSE,TRUE,FALSE
"98",94590,1000,1400,1500,775,1350,47,69,47,8,FALSE,FALSE,FALSE,FALSE,FALSE,94590,1000,1400,1500,775,1350,47,69,47,8,FALSE,FALSE,FALSE,FALSE,FALSE
"99",94591,1105,1537,1600,966.024793248977,1500,30,72,38,0,FALSE,FALSE,FALSE,TRUE,FALSE,94591,1105,1537,1600,1599.24872623204,1500,30,72,38,0,FALSE,FALSE,FALSE,TRUE,FALSE
"100",94592,1084.23585695023,2953.79187675991,1424.38948532089,1684.66841163761,2183.03114800914,0,0,0,1,TRUE,TRUE,TRUE,TRUE,TRUE,94592,849.881801595036,1854.58597027397,1836.82071210027,1119.02133493559,1803.26261515579,0,0,0,1,TRUE,TRUE,TRUE,TRUE,TRUE
"101",94595,1750,1895,3150,1293.49604018472,1850,9,7,4,1,FALSE,FALSE,FALSE,TRUE,FALSE,94595,1750,1895,3150,1236.451108102,1850,9,7,4,1,FALSE,FALSE,FALSE,TRUE,FALSE
"102",94596,1750,1995,2500,1625,1916,51,63,5,5,FALSE,FALSE,FALSE,FALSE,FALSE,94596,1750,1995,2500,1625,1916,51,63,5,5,FALSE,FALSE,FALSE,FALSE,FALSE
"103",94597,1938,2250,3175,1810,2194,37,63,11,7,FALSE,FALSE,FALSE,FALSE,FALSE,94597,1938,2250,3175,1810,2194,37,63,11,7,FALSE,FALSE,FALSE,FALSE,FALSE
"104",94598,1745,2247,3295,1915.20298304754,2375,5,24,13,0,FALSE,FALSE,FALSE,TRUE,FALSE,94598,1745,2247,3295,1700.26063768116,2375,5,24,13,0,FALSE,FALSE,FALSE,TRUE,FALSE
"105",94599,1975.04778774507,4735.87616904818,3859.0236228781,2375.85110442923,3576.86871854359,0,1,1,0,TRUE,TRUE,TRUE,TRUE,TRUE,94599,2159.93534529919,3899.73311730323,3722.45944501676,2144.61581168414,3319.19515348441,0,1,1,0,TRUE,TRUE,TRUE,TRUE,TRUE
"106",94601,1250,1750,2450,1015,1450,35,31,9,12,FALSE,FALSE,FALSE,FALSE,FALSE,94601,1250,1750,2450,1015,1450,35,31,9,12,FALSE,FALSE,FALSE,FALSE,FALSE
"107",94602,1575,1887,3185,1498.30373012381,1875,23,18,7,1,FALSE,FALSE,FALSE,TRUE,FALSE,94602,1575,1887,3185,1196.83573703925,1875,23,18,7,1,FALSE,FALSE,FALSE,TRUE,FALSE
"108",94603,1347,1500,1850,1267.29002155801,1595,4,17,6,0,FALSE,FALSE,FALSE,TRUE,FALSE,94603,1347,1500,1850,1466.22281625697,1595,4,17,6,0,FALSE,FALSE,FALSE,TRUE,FALSE
"109",94605,1300,1800,2650,1450,1725,27,41,16,3,FALSE,FALSE,FALSE,FALSE,FALSE,94605,1300,1800,2650,1450,1725,27,41,16,3,FALSE,FALSE,FALSE,FALSE,FALSE
"110",94606,1650,2200,1950,1200,1795,48,45,13,17,FALSE,FALSE,FALSE,FALSE,FALSE,94606,1650,2200,1950,1200,1795,48,45,13,17,FALSE,FALSE,FALSE,FALSE,FALSE
"111",94607,2200,3048,2400,1600,2325,59,46,14,5,FALSE,FALSE,FALSE,FALSE,FALSE,94607,2200,3048,2400,1600,2325,59,46,14,5,FALSE,FALSE,FALSE,FALSE,FALSE
"112",94608,2760,3177,3200,2088,2810,167,109,21,20,FALSE,FALSE,FALSE,FALSE,FALSE,94608,2760,3177,3200,2088,2810,167,109,21,20,FALSE,FALSE,FALSE,FALSE,FALSE
"113",94609,1800,2500,3150,1572,2195,47,23,14,8,FALSE,FALSE,FALSE,FALSE,FALSE,94609,1800,2500,3150,1572,2195,47,23,14,8,FALSE,FALSE,FALSE,FALSE,FALSE
"114",94610,1892,2595,3800,1550,1962,90,37,6,9,FALSE,FALSE,FALSE,FALSE,FALSE,94610,1892,2595,3800,1550,1962,90,37,6,9,FALSE,FALSE,FALSE,FALSE,FALSE
"115",94611,1850,2400,3975,1495,2100,49,30,19,14,FALSE,FALSE,FALSE,FALSE,FALSE,94611,1850,2400,3975,1495,2100,49,30,19,14,FALSE,FALSE,FALSE,FALSE,FALSE
"116",94612,2367,3831,3897,2149,2646,49,34,9,18,FALSE,FALSE,FALSE,FALSE,FALSE,94612,2367,3831,3897,2149,2646,49,34,9,18,FALSE,FALSE,FALSE,FALSE,FALSE
"117",94613,1930.24757703434,3636.28722770518,4335.4868321078,1637.50253558784,3138.49050622785,0,1,0,0,TRUE,TRUE,TRUE,TRUE,TRUE,94613,2207.67946707347,4314.45831530008,4004.57746737302,1886.2652970938,3373.98172542928,0,1,0,0,TRUE,TRUE,TRUE,TRUE,TRUE
"118",94618,2600,3150,5200,1575,2725,16,18,7,15,FALSE,FALSE,FALSE,FALSE,FALSE,94618,2600,3150,5200,1575,2725,16,18,7,15,FALSE,FALSE,FALSE,FALSE,FALSE
"119",94619,1375,1750,2745,1325,1595,12,12,9,4,FALSE,FALSE,FALSE,FALSE,FALSE,94619,1375,1750,2745,1325,1595,12,12,9,4,FALSE,FALSE,FALSE,FALSE,FALSE
"120",94621,1100,1549,1967.18280485533,1558.84797878642,1500,3,12,1,1,FALSE,FALSE,TRUE,TRUE,FALSE,94621,1100,1549,1196.70093769512,1399.37796967816,1500,3,12,1,1,FALSE,FALSE,TRUE,TRUE,FALSE
"121",94702,1750,2700,3450,1350,2545,25,34,24,9,FALSE,FALSE,FALSE,FALSE,FALSE,94702,1750,2700,3450,1350,2545,25,34,24,9,FALSE,FALSE,FALSE,FALSE,FALSE
"122",94703,1995,2300,3095,1545,2185,35,36,11,6,FALSE,FALSE,FALSE,FALSE,FALSE,94703,1995,2300,3095,1545,2185,35,36,11,6,FALSE,FALSE,FALSE,FALSE,FALSE
"123",94704,1800,2974,3450,1595,2500,88,134,38,48,FALSE,FALSE,FALSE,FALSE,FALSE,94704,1800,2974,3450,1595,2500,88,134,38,48,FALSE,FALSE,FALSE,FALSE,FALSE
"124",94705,1866,2695,3495,1695,2595,16,15,14,7,FALSE,FALSE,FALSE,FALSE,FALSE,94705,1866,2695,3495,1695,2595,16,15,14,7,FALSE,FALSE,FALSE,FALSE,FALSE
"125",94706,1700,2400,2430.024021486,1197.38528819317,2100,16,21,2,0,FALSE,FALSE,TRUE,TRUE,FALSE,94706,1700,2400,3515.46250723055,1337.94301226671,2100,16,21,2,0,FALSE,FALSE,TRUE,TRUE,FALSE
"126",94707,1732,3125,3750,1632.75719361563,2700,8,4,7,1,FALSE,FALSE,FALSE,TRUE,FALSE,94707,1732,3125,3750,1478.72100628616,2700,8,4,7,1,FALSE,FALSE,FALSE,TRUE,FALSE
"127",94708,1800,3925,4625,1412,3045,6,6,6,6,FALSE,FALSE,FALSE,FALSE,FALSE,94708,1800,3925,4625,1412,3045,6,6,6,6,FALSE,FALSE,FALSE,FALSE,FALSE
"128",94709,2097,2991,3745,1695,2295,62,42,18,15,FALSE,FALSE,FALSE,FALSE,FALSE,94709,2097,2991,3745,1695,2295,62,42,18,15,FALSE,FALSE,FALSE,FALSE,FALSE
"129",94710,2260,2950,2922.51077467043,1459.51558360251,2450,26,17,2,2,FALSE,FALSE,TRUE,TRUE,FALSE,94710,2260,2950,3462.60710061036,1602.63019929103,2450,26,17,2,2,FALSE,FALSE,TRUE,TRUE,FALSE
"130",94720,2158.84850791997,3954.10615276424,4812.30542855249,2114.3847817915,3318.89734701088,0,0,0,0,TRUE,TRUE,TRUE,TRUE,TRUE,94720,1891.89357306635,3688.19166106515,3366.05421922631,2322.43262244687,2644.67590503282,0,0,0,0,TRUE,TRUE,TRUE,TRUE,TRUE
"131",94801,1650,1500,2200,850,1972,12,16,19,3,FALSE,FALSE,FALSE,FALSE,FALSE,94801,1650,1500,2200,850,1972,12,16,19,3,FALSE,FALSE,FALSE,FALSE,FALSE
"132",94803,1200,1450,2100,1189.28451483662,1722,3,17,16,2,FALSE,FALSE,FALSE,TRUE,FALSE,94803,1200,1450,2100,921.877511589624,1722,3,17,16,2,FALSE,FALSE,FALSE,TRUE,FALSE
"133",94804,1500,2030,2375,1852.98891215841,2000,20,49,24,2,FALSE,FALSE,FALSE,TRUE,FALSE,94804,1500,2030,2375,1508.31746936279,2000,20,49,24,2,FALSE,FALSE,FALSE,TRUE,FALSE
"134",94805,1320,1775,2000,995,1450,8,6,5,3,FALSE,FALSE,FALSE,FALSE,FALSE,94805,1320,1775,2000,995,1450,8,6,5,3,FALSE,FALSE,FALSE,FALSE,FALSE
"135",94806,1400,1800,2197,1075,1744,14,19,14,4,FALSE,FALSE,FALSE,FALSE,FALSE,94806,1400,1800,2197,1075,1744,14,19,14,4,FALSE,FALSE,FALSE,FALSE,FALSE
"136",94901,2133,2460,3775,1600,2235,96,54,20,13,FALSE,FALSE,FALSE,FALSE,FALSE,94901,2133,2460,3775,1600,2235,96,54,20,13,FALSE,FALSE,FALSE,FALSE,FALSE
"137",94903,2062,2822,3875,1738.23430929303,2547,30,32,15,1,FALSE,FALSE,FALSE,TRUE,FALSE,94903,2062,2822,3875,2256.92245126208,2547,30,32,15,1,FALSE,FALSE,FALSE,TRUE,FALSE
"138",94904,2000,3100,4245,1244.3627436474,2950,8,12,8,1,FALSE,FALSE,FALSE,TRUE,FALSE,94904,2000,3100,4245,2156.70407693287,2950,8,12,8,1,FALSE,FALSE,FALSE,TRUE,FALSE
"139",94920,2900,3900,7200,1584.30161694858,3902,11,33,17,1,FALSE,FALSE,FALSE,TRUE,FALSE,94920,2900,3900,7200,2089.64551135627,3902,11,33,17,1,FALSE,FALSE,FALSE,TRUE,FALSE
"140",94922,1356.57616073489,2501.60837637832,2830.41031912986,1235.19077734249,1988.05479301774,0,0,0,0,TRUE,TRUE,TRUE,TRUE,TRUE,94922,1700.58958188661,3131.13565438128,3357.48177312832,1333.69676630253,2585.99326703208,0,0,0,0,TRUE,TRUE,TRUE,TRUE,TRUE
"141",94923,1296.19828803685,1850,2312.65794305839,932.400956160778,1850,0,4,0,0,TRUE,FALSE,TRUE,TRUE,FALSE,94923,1632.24759812772,1850,2684.01624713055,1129.91572675724,1850,0,4,0,0,TRUE,FALSE,TRUE,TRUE,FALSE
"142",94924,968.794249562084,2620.28276506681,2823.09269401269,846.13062366789,2302.08420725875,0,2,0,0,TRUE,TRUE,TRUE,TRUE,TRUE,94924,1411.61914052903,2777.73433991934,1604.06715492457,1520.26874380948,2579.85595924757,0,2,0,0,TRUE,TRUE,TRUE,TRUE,TRUE
"143",94925,2098,3000,4460,1140.02420971612,3000,15,13,17,0,FALSE,FALSE,FALSE,TRUE,FALSE,94925,2098,3000,4460,1810.00922391382,3000,15,13,17,0,FALSE,FALSE,FALSE,TRUE,FALSE
"144",94928,1450,1925,2300,903.284698765166,1735,57,53,22,2,FALSE,FALSE,FALSE,TRUE,FALSE,94928,1450,1925,2300,1449.64042196728,1735,57,53,22,2,FALSE,FALSE,FALSE,TRUE,FALSE
"145",94929,1094.70403848012,3185.16420693658,3340.14233196832,1607.64297993436,2594.92266494091,0,0,0,0,TRUE,TRUE,TRUE,TRUE,TRUE,94929,1983.14689825075,3444.69428473788,3599.45305165185,1913.72686775494,2659.76528185291,0,0,0,0,TRUE,TRUE,TRUE,TRUE,TRUE
"146",94930,1775,2350,3725,1436.38029912663,2350,5,8,4,0,FALSE,FALSE,FALSE,TRUE,FALSE,94930,1775,2350,3725,1334.19779383397,2350,5,8,4,0,FALSE,FALSE,FALSE,TRUE,FALSE
"147",94931,1100,1450,2375,1221.42117040895,1550,3,12,12,2,FALSE,FALSE,FALSE,TRUE,FALSE,94931,1100,1450,2375,871.972016055524,1550,3,12,12,2,FALSE,FALSE,FALSE,TRUE,FALSE
"148",94933,1970.75612732506,2347.8014476906,2439.64309882937,2054.87422321322,2250,2,0,1,0,TRUE,TRUE,TRUE,TRUE,FALSE,94933,2023.01512108209,2488.24626395834,2954.41749588984,1317.89911232113,2250,2,0,1,0,TRUE,TRUE,TRUE,TRUE,FALSE
"149",94937,1781.77131750469,3175.92681754358,3646.60561328935,1956.63579350174,2547.35245879469,0,0,1,0,TRUE,TRUE,TRUE,TRUE,TRUE,94937,1649.22090449468,2723.69873823046,2425.21268497177,1863.35553109725,2057.79244639204,0,0,1,0,TRUE,TRUE,TRUE,TRUE,TRUE
"150",94938,1354.34455512741,2842.402224175,2511.35363140129,1667.32110360092,2447.33534932579,0,1,0,0,TRUE,TRUE,TRUE,TRUE,TRUE,94938,1739.79598112879,2887.42150504259,3076.2628051614,1794.25669357095,2410.40640887753,0,1,0,0,TRUE,TRUE,TRUE,TRUE,TRUE
"151",94939,2850,3395,3375,2890.50180930604,3250,20,37,4,0,FALSE,FALSE,FALSE,TRUE,FALSE,94939,2850,3395,3375,2071.32323485252,3250,20,37,4,0,FALSE,FALSE,FALSE,TRUE,FALSE
"152",94940,1220.0629247773,2606.45885071093,2342.01041854199,1210.42463957345,1743.24713454099,0,0,0,1,TRUE,TRUE,TRUE,TRUE,TRUE,94940,2076.02545474488,3264.02410760087,3446.93807331709,1972.48944508038,2784.50948018922,0,0,0,1,TRUE,TRUE,TRUE,TRUE,TRUE
"153",94941,2385,2795,4700,1732,2900,18,31,23,7,FALSE,FALSE,FALSE,FALSE,FALSE,94941,2385,2795,4700,1732,2900,18,31,23,7,FALSE,FALSE,FALSE,FALSE,FALSE
"154",94945,2410,3339,2697,1659.3343632927,2647,24,33,8,1,FALSE,FALSE,FALSE,TRUE,FALSE,94945,2410,3339,2697,2216.8474100861,2647,24,33,8,1,FALSE,FALSE,FALSE,TRUE,FALSE
"155",94946,1152.88316791442,2947.20632745564,3380.13183676564,1190.30479703353,2256.58624867553,1,0,0,0,TRUE,TRUE,TRUE,TRUE,TRUE,94946,1020.95282509291,2192.40865118053,2379.76164893139,1687.71536249417,1724.05445315111,1,0,0,0,TRUE,TRUE,TRUE,TRUE,TRUE
"156",94947,1550,2085,2995,1738.86665229084,2128,6,13,13,0,FALSE,FALSE,FALSE,TRUE,FALSE,94947,1550,2085,2995,1463.95000761271,2128,6,13,13,0,FALSE,FALSE,FALSE,TRUE,FALSE
"157",94949,1725,2100,3000,1463.62037125359,2100,16,23,7,0,FALSE,FALSE,FALSE,TRUE,FALSE,94949,1725,2100,3000,1534.6391672466,2100,16,23,7,0,FALSE,FALSE,FALSE,TRUE,FALSE
"158",94950,1305.88576805303,2634.97789643284,2795.60906983781,1204.1265532279,2040.49965619634,0,0,0,0,TRUE,TRUE,TRUE,TRUE,TRUE,94950,771.178343536234,1855.14260835707,2172.83034958141,901.918946033351,1293.99988017046,0,0,0,0,TRUE,TRUE,TRUE,TRUE,TRUE
"159",94951,1475.08983271947,2200,3812.82759748817,1383.31353954177,2200,1,3,1,0,TRUE,FALSE,TRUE,TRUE,FALSE,94951,1684.73296123107,2200,2529.92477577945,1124.59969146001,2200,1,3,1,0,TRUE,FALSE,TRUE,TRUE,FALSE
"160",95690,578.505606268815,1595.92587373112,1791.95971363269,644.130511254593,1152.75081662377,0,0,0,0,TRUE,TRUE,TRUE,TRUE,TRUE,95690,811.399676267531,2032.0572266457,1138.74563230292,1100.76371697285,1392.78628800882,0,0,0,0,TRUE,TRUE,TRUE,TRUE,TRUE
"161",95694,597.984253156487,2021.04338156495,1715.83962752452,1239.99001785708,1251.4410661187,0,0,0,0,TRUE,TRUE,TRUE,TRUE,TRUE,95694,1204.90819856842,2034.35817342003,1656.51152282827,1027.23054895267,1784.19710994884,0,0,0,0,TRUE,TRUE,TRUE,TRUE,TRUE
"162",94952,1662,1750,2275,1424,1825,26,33,10,6,FALSE,FALSE,FALSE,FALSE,FALSE,94952,1662,1750,2275,1424,1825,26,33,10,6,FALSE,FALSE,FALSE,FALSE,FALSE
"163",94954,1693,2000,2429,1214.43328399245,1990,44,70,15,0,FALSE,FALSE,FALSE,TRUE,FALSE,94954,1693,2000,2429,1542.40693701195,1990,44,70,15,0,FALSE,FALSE,FALSE,TRUE,FALSE
"164",94956,1115.57308045332,1692.98012266572,2416.24018977665,1732.7429033361,1600,2,1,0,0,TRUE,TRUE,TRUE,TRUE,FALSE,94956,1363.93432621879,1323.31307057615,2307.75300748041,487.485293788636,1600,2,1,0,0,TRUE,TRUE,TRUE,TRUE,FALSE
"165",94957,1137.7299705701,2411.20643418089,2812.50303003004,1382.19792447978,2105.62415690406,0,0,0,0,TRUE,TRUE,TRUE,TRUE,TRUE,94957,1443.62199689146,2858.06489389017,3893.34030605088,1347.68553083729,2544.05045205407,0,0,0,0,TRUE,TRUE,TRUE,TRUE,TRUE
"166",94960,1800,2295,4400,1550,1850,13,7,4,5,FALSE,FALSE,FALSE,FALSE,FALSE,94960,1800,2295,4400,1550,1850,13,7,4,5,FALSE,FALSE,FALSE,FALSE,FALSE
"167",94963,1141.19671946181,2432.53296563639,2486.89470643807,1475.11782130895,2200.5971970637,0,0,0,0,TRUE,TRUE,TRUE,TRUE,TRUE,94963,1232.85619721763,2709.94056282588,1873.55675732507,1527.03845219507,2050.4642144523,0,0,0,0,TRUE,TRUE,TRUE,TRUE,TRUE
"168",94964,1785.09001551549,3097.08132757671,3127.10208851703,1140.77650226857,2348.71951444656,0,0,0,0,TRUE,TRUE,TRUE,TRUE,TRUE,94964,427.628581099389,1591.77764267207,421.19354530398,1231.78815509274,1277.90092294255,0,0,0,0,TRUE,TRUE,TRUE,TRUE,TRUE
"169",94965,2326,3550,4800,1450,2912,37,38,9,3,FALSE,FALSE,FALSE,FALSE,FALSE,94965,2326,3550,4800,1450,2912,37,38,9,3,FALSE,FALSE,FALSE,FALSE,FALSE
"170",94970,728.224474178666,2005.64513497359,958.397368507284,1376.1125326299,1417.85585331644,1,0,0,0,TRUE,TRUE,TRUE,TRUE,TRUE,94970,1202.0352243397,1994.05276734884,1444.74899174191,1143.9819551509,1735.06856770343,1,0,0,0,TRUE,TRUE,TRUE,TRUE,TRUE
"171",94971,1437.40089189098,2733.44633563857,2164.69716110463,1374.19278377966,2216.33963632341,0,2,0,0,TRUE,TRUE,TRUE,TRUE,TRUE,94971,2776.51983481885,4650.90571940281,4820.49231477392,2409.41628434739,3755.58107141037,0,2,0,0,TRUE,TRUE,TRUE,TRUE,TRUE
"172",94972,701.887829259741,1842.193742598,2159.45369091305,476.658918468872,1594.14573362098,0,0,0,0,TRUE,TRUE,TRUE,TRUE,TRUE,94972,1667.04223426739,2504.31669865839,3176.62350395331,1009.38750656395,2169.75793338294,0,0,0,0,TRUE,TRUE,TRUE,TRUE,TRUE
"173",94973,1920.53496927994,3364.92977167401,3100,1696.71023222509,3100,0,0,3,0,TRUE,TRUE,FALSE,TRUE,FALSE,94973,2023.30665796375,2611.1973195444,3100,1166.91054665635,3100,0,0,3,0,TRUE,TRUE,FALSE,TRUE,FALSE
"174",95002,831.271400495544,1721.61052159824,962.648449687383,1222.99639212925,1179.31775730895,0,0,0,1,TRUE,TRUE,TRUE,TRUE,TRUE,95002,619.575662776583,1113.39394070162,1405.89216382033,632.944193228107,1093.45186998693,0,0,0,1,TRUE,TRUE,TRUE,TRUE,TRUE
"175",95003,1365,1775,2800,1437.73988544615,2497,7,15,19,1,FALSE,FALSE,FALSE,TRUE,FALSE,95003,1365,1775,2800,1043.73071178628,2497,7,15,19,1,FALSE,FALSE,FALSE,TRUE,FALSE
"176",95004,1576.01228899612,2844.03874197209,3048.00266545121,1294.48381844561,2570.18180423117,1,0,0,0,TRUE,TRUE,TRUE,TRUE,TRUE,95004,1142.41166131224,2642.38136571574,3288.49072800478,1487.34072277027,2296.82992824248,1,0,0,0,TRUE,TRUE,TRUE,TRUE,TRUE
"177",95005,1300,1557.32809107159,1232.32145336631,1195.08656490346,1200,4,0,1,2,FALSE,TRUE,TRUE,TRUE,FALSE,95005,1300,1701.19033251399,1397.39174078174,1329.02399522548,1200,4,0,1,2,FALSE,TRUE,TRUE,TRUE,FALSE
"178",95006,1932.19281866132,1800,3700,1022.57404209396,2550,0,3,7,0,TRUE,FALSE,FALSE,TRUE,FALSE,95006,1259.84841301075,1800,3700,854.068541983326,2550,0,3,7,0,TRUE,FALSE,FALSE,TRUE,FALSE
"179",95007,1189.79041849832,2259.68222052733,1939.98414948292,1300.43041095947,1658.63637202524,0,0,0,1,TRUE,TRUE,TRUE,TRUE,TRUE,95007,1521.89948070532,2935.60820614469,3097.73265509749,1425.94877475583,2191.5661187959,0,0,0,1,TRUE,TRUE,TRUE,TRUE,TRUE
"180",95008,1825,2312,3347,1750,2099,77,78,30,11,FALSE,FALSE,FALSE,FALSE,FALSE,95008,1825,2312,3347,1750,2099,77,78,30,11,FALSE,FALSE,FALSE,FALSE,FALSE
"181",95010,1850,2175,3000,1195,2187,7,23,11,3,FALSE,FALSE,FALSE,FALSE,FALSE,95010,1850,2175,3000,1195,2187,7,23,11,3,FALSE,FALSE,FALSE,FALSE,FALSE
"182",95013,845.835055777141,2499.64308558061,1991.70900074143,1607.41429599455,1899.88161313563,0,0,0,0,TRUE,TRUE,TRUE,TRUE,TRUE,95013,1409.4508361167,2776.35110813409,3124.36370150178,1884.7907326665,2449.1167918581,0,0,0,0,TRUE,TRUE,TRUE,TRUE,TRUE
"183",95014,2633,3295,3850,1888,3213,119,281,75,9,FALSE,FALSE,FALSE,FALSE,FALSE,95014,2633,3295,3850,1888,3213,119,281,75,9,FALSE,FALSE,FALSE,FALSE,FALSE
"184",95017,1765.82449153291,3772.03531471312,4398.56959959744,1828.68505531946,3109.54967690299,0,0,0,0,TRUE,TRUE,TRUE,TRUE,TRUE,95017,1849.05494859479,3634.09096629159,3924.27000133293,2180.72252423578,2916.34732745943,0,0,0,0,TRUE,TRUE,TRUE,TRUE,TRUE
"185",95018,1300,2669.52985149534,1739.63956690797,1833.92623891507,2000,3,2,2,1,FALSE,TRUE,TRUE,TRUE,FALSE,95018,1300,2236.69493027771,3290.18276718303,830.19263617534,2000,3,2,2,1,FALSE,TRUE,TRUE,TRUE,FALSE
"186",95019,1792.79172327608,2000,3526.53957010899,1000,1600,1,4,1,3,TRUE,FALSE,TRUE,FALSE,FALSE,95019,1425.48968473067,2000,2695.32459596437,1000,1600,1,4,1,3,TRUE,FALSE,TRUE,FALSE,FALSE
"187",95020,1700,1995,2447,1200,1995,18,21,14,4,FALSE,FALSE,FALSE,FALSE,FALSE,95020,1700,1995,2447,1200,1995,18,21,14,4,FALSE,FALSE,FALSE,FALSE,FALSE
"188",95023,1017,1534.11649335908,1772,1498.98001734278,1522,4,1,4,1,FALSE,TRUE,FALSE,TRUE,FALSE,95023,1017,1443.77590556273,1772,492.497150608463,1522,4,1,4,1,FALSE,TRUE,FALSE,TRUE,FALSE
"189",95030,2450,3550,6500,1895,2895,18,15,15,7,FALSE,FALSE,FALSE,FALSE,FALSE,95030,2450,3550,6500,1895,2895,18,15,15,7,FALSE,FALSE,FALSE,FALSE,FALSE
"190",95032,2200,2800,3750,2536,2800,19,62,19,3,FALSE,FALSE,FALSE,FALSE,FALSE,95032,2200,2800,3750,2536,2800,19,62,19,3,FALSE,FALSE,FALSE,FALSE,FALSE
"191",95033,1700,2000,3650,1404.5837834772,2000,5,3,5,0,FALSE,FALSE,FALSE,TRUE,FALSE,95033,1700,2000,3650,1344.84014994392,2000,5,3,5,0,FALSE,FALSE,FALSE,TRUE,FALSE
"192",95035,2355,2687,3172,2155,2555,84,86,64,7,FALSE,FALSE,FALSE,FALSE,FALSE,95035,2355,2687,3172,2155,2555,84,86,64,7,FALSE,FALSE,FALSE,FALSE,FALSE
"193",95037,1600,1875,2500,1172.76490487187,1967,9,6,9,2,FALSE,FALSE,FALSE,TRUE,FALSE,95037,1600,1875,2500,1345.67296993362,1967,9,6,9,2,FALSE,FALSE,FALSE,TRUE,FALSE
"194",95039,2115.72694077958,3893.16294128491,4159.46252206932,1956.15106623838,2958.74359298533,0,0,0,0,TRUE,TRUE,TRUE,TRUE,TRUE,95039,1478.23705913184,3059.13343991773,3666.04194850992,1801.91925763523,2751.47240402842,0,0,0,0,TRUE,TRUE,TRUE,TRUE,TRUE
"195",95045,977.378159555048,1692.60985318616,1045.75595526984,1054.0184473069,1725,0,2,2,0,TRUE,TRUE,TRUE,TRUE,FALSE,95045,1535.88421849045,1705.20281373185,2118.62207167221,973.250179965138,1725,0,2,2,0,TRUE,TRUE,TRUE,TRUE,FALSE
"196",95046,2107.21586624348,3740.50888612945,3323.03842844928,2136.75170043558,3092.73240105353,0,1,0,0,TRUE,TRUE,TRUE,TRUE,TRUE,95046,1795.88711070061,3404.30999083025,3413.38864148139,1873.05303213014,3019.52903255793,0,1,0,0,TRUE,TRUE,TRUE,TRUE,TRUE
"197",95050,1790,2204,2750,1420,2204,51,115,33,4,FALSE,FALSE,FALSE,FALSE,FALSE,95050,1790,2204,2750,1420,2204,51,115,33,4,FALSE,FALSE,FALSE,FALSE,FALSE
"198",95051,2185,2695,3282,1550,2500,112,105,44,5,FALSE,FALSE,FALSE,FALSE,FALSE,95051,2185,2695,3282,1550,2500,112,105,44,5,FALSE,FALSE,FALSE,FALSE,FALSE
"199",95053,1192.52572447617,3372.67725359614,2981.59634879312,1200.18561744861,2552.09413314436,0,0,0,0,TRUE,TRUE,TRUE,TRUE,TRUE,95053,1872.33367734385,3320.77041071337,3676.44658700258,1702.67981813405,2916.91302174812,0,0,0,0,TRUE,TRUE,TRUE,TRUE,TRUE
"200",95054,2673,3244,3864,1945.38380843893,3025,41,46,26,0,FALSE,FALSE,FALSE,TRUE,FALSE,95054,2673,3244,3864,2121.00251593985,3025,41,46,26,0,FALSE,FALSE,FALSE,TRUE,FALSE
"201",95060,1550,2497,3325,1300,2350,42,54,34,16,FALSE,FALSE,FALSE,FALSE,FALSE,95060,1550,2497,3325,1300,2350,42,54,34,16,FALSE,FALSE,FALSE,FALSE,FALSE
"202",95062,1600,2165,3500,1100,2165,21,40,21,7,FALSE,FALSE,FALSE,FALSE,FALSE,95062,1600,2165,3500,1100,2165,21,40,21,7,FALSE,FALSE,FALSE,FALSE,FALSE
"203",95064,1668.96818611723,3762.76132084468,4064.90983400805,2131.48381579557,2959.66976770038,0,0,0,0,TRUE,TRUE,TRUE,TRUE,TRUE,95064,1784.28640052747,3438.97330755963,3772.12481519055,1610.91850995139,2956.84039778565,0,0,0,0,TRUE,TRUE,TRUE,TRUE,TRUE
"204",95065,1470,1586.98860174927,3700,1405.41706943969,1700,4,2,3,0,FALSE,TRUE,FALSE,TRUE,FALSE,95065,1470,2053.39328263635,3700,1241.42239300828,1700,4,2,3,0,FALSE,TRUE,FALSE,TRUE,FALSE
"205",95066,1704.0906492214,2200,2850,1670.58557283868,2450,1,6,5,1,TRUE,FALSE,FALSE,TRUE,FALSE,95066,1592.67362243405,2200,2850,940.449662473638,2450,1,6,5,1,TRUE,FALSE,FALSE,TRUE,FALSE
"206",95070,1975,2900,4200,1344.9676353459,3450,5,7,17,2,FALSE,FALSE,FALSE,TRUE,FALSE,95070,1975,2900,4200,1940.24613764108,3450,5,7,17,2,FALSE,FALSE,FALSE,TRUE,FALSE
"207",95073,1550,2000,3048.77194477119,1025,1600,6,4,2,4,FALSE,FALSE,TRUE,FALSE,FALSE,95073,1550,2000,2764.35905330181,1025,1600,6,4,2,4,FALSE,FALSE,TRUE,FALSE,FALSE
"208",95075,2228.36155677161,3919.51537759966,3829.85425871689,2057.66848449917,3270.39923251819,0,0,0,0,TRUE,TRUE,TRUE,TRUE,TRUE,95075,2767.53404646981,4294.69426439238,4847.12343451201,2446.65467318686,3514.47063261925,0,0,0,0,TRUE,TRUE,TRUE,TRUE,TRUE
"209",95076,1375,1950,2400,1000,1950,9,12,12,5,FALSE,FALSE,FALSE,FALSE,FALSE,95076,1375,1950,2400,1000,1950,9,12,12,5,FALSE,FALSE,FALSE,FALSE,FALSE
"210",95110,2258,2755,3209,2495,2495,57,36,8,11,FALSE,FALSE,FALSE,FALSE,FALSE,95110,2258,2755,3209,2495,2495,57,36,8,11,FALSE,FALSE,FALSE,FALSE,FALSE
"211",95111,1325,1900,2600,1184,1295,7,7,12,23,FALSE,FALSE,FALSE,FALSE,FALSE,95111,1325,1900,2600,1184,1295,7,7,12,23,FALSE,FALSE,FALSE,FALSE,FALSE
"212",95112,1795,2550,2800,1450,2287,91,89,31,31,FALSE,FALSE,FALSE,FALSE,FALSE,95112,1795,2550,2800,1450,2287,91,89,31,31,FALSE,FALSE,FALSE,FALSE,FALSE
"213",95113,2528,3888,4941.42895282895,2000,2850,23,13,2,3,FALSE,FALSE,TRUE,FALSE,FALSE,95113,2528,3888,4546.63960320269,2000,2850,23,13,2,3,FALSE,FALSE,TRUE,FALSE,FALSE
"214",95116,1550,2167,2780,1527.45104057051,1950,20,22,9,1,FALSE,FALSE,FALSE,TRUE,FALSE,95116,1550,2167,2780,1020.10829589273,1950,20,22,9,1,FALSE,FALSE,FALSE,TRUE,FALSE
"215",95117,1795,2195,3095,1450,2095,41,69,21,3,FALSE,FALSE,FALSE,FALSE,FALSE,95117,1795,2195,3095,1450,2095,41,69,21,3,FALSE,FALSE,FALSE,FALSE,FALSE
"216",95118,1825,2000,2995,1560,1955,16,23,11,4,FALSE,FALSE,FALSE,FALSE,FALSE,95118,1825,2000,2995,1560,1955,16,23,11,4,FALSE,FALSE,FALSE,FALSE,FALSE
"217",95119,1409.18627713775,2295,3000,1627.74988427324,2295,0,15,5,1,TRUE,FALSE,FALSE,TRUE,FALSE,95119,2014.41406289417,2295,3000,1146.060429948,2295,0,15,5,1,TRUE,FALSE,FALSE,TRUE,FALSE
"218",95120,1900,2919.97240939608,3375,2455.09198378181,2950,5,2,10,1,FALSE,TRUE,FALSE,TRUE,FALSE,95120,1900,2860.90443423235,3375,1226.47466468808,2950,5,2,10,1,FALSE,TRUE,FALSE,TRUE,FALSE
"219",95121,1703.19261590275,2161,2875,1440.65772220733,2495,1,6,10,0,TRUE,FALSE,FALSE,TRUE,FALSE,95121,1588.42327377115,2161,2875,918.780368050965,2495,1,6,10,0,TRUE,FALSE,FALSE,TRUE,FALSE
"220",95122,1762,2187,2420,1512.90482855218,2200,6,10,10,1,FALSE,FALSE,FALSE,TRUE,FALSE,95122,1762,2187,2420,1138.00761992906,2200,6,10,10,1,FALSE,FALSE,FALSE,TRUE,FALSE
"221",95123,1992,2275,2985,1126.43660213173,2330,43,127,51,0,FALSE,FALSE,FALSE,TRUE,FALSE,95123,1992,2275,2985,1322.51837388931,2330,43,127,51,0,FALSE,FALSE,FALSE,TRUE,FALSE
"222",95124,1795,2300,3250,1495,2362,21,24,32,5,FALSE,FALSE,FALSE,FALSE,FALSE,95124,1795,2300,3250,1495,2362,21,24,32,5,FALSE,FALSE,FALSE,FALSE,FALSE
"223",95125,1722,2495,3300,1387,2235,62,76,21,4,FALSE,FALSE,FALSE,FALSE,FALSE,95125,1722,2495,3300,1387,2235,62,76,21,4,FALSE,FALSE,FALSE,FALSE,FALSE
"224",95126,2345,2833,3700,1495,2522,91,109,33,11,FALSE,FALSE,FALSE,FALSE,FALSE,95126,2345,2833,3700,1495,2522,91,109,33,11,FALSE,FALSE,FALSE,FALSE,FALSE
"225",95127,1550,2000,2750,1300,2100,7,23,16,4,FALSE,FALSE,FALSE,FALSE,FALSE,95127,1550,2000,2750,1300,2100,7,23,16,4,FALSE,FALSE,FALSE,FALSE,FALSE
"226",95128,1850,2270,3300,1525,2075,56,62,15,10,FALSE,FALSE,FALSE,FALSE,FALSE,95128,1850,2270,3300,1525,2075,56,62,15,10,FALSE,FALSE,FALSE,FALSE,FALSE
"227",95129,2200,2650,3747,1580,2304,50,49,28,28,FALSE,FALSE,FALSE,FALSE,FALSE,95129,2200,2650,3747,1580,2304,50,49,28,28,FALSE,FALSE,FALSE,FALSE,FALSE
"228",95130,1625,2299,3350,2026.3921996105,2299,9,11,11,1,FALSE,FALSE,FALSE,TRUE,FALSE,95130,1625,2299,3350,1827.92087655353,2299,9,11,11,1,FALSE,FALSE,FALSE,TRUE,FALSE
"229",95131,2223,2500,2997,1903.0288853775,2770,7,43,22,0,FALSE,FALSE,FALSE,TRUE,FALSE,95131,2223,2500,2997,1793.27002327681,2770,7,43,22,0,FALSE,FALSE,FALSE,TRUE,FALSE
"230",95132,2073,2333,2780,1259.5828201811,2333,27,14,13,1,FALSE,FALSE,FALSE,TRUE,FALSE,95132,2073,2333,2780,1846.46545048087,2333,27,14,13,1,FALSE,FALSE,FALSE,TRUE,FALSE
"231",95133,1995,2487,3000,1616.91421700383,2600,8,12,9,0,FALSE,FALSE,FALSE,TRUE,FALSE,95133,1995,2487,3000,1907.83034169822,2600,8,12,9,0,FALSE,FALSE,FALSE,TRUE,FALSE
"232",95134,2575,3010,3765,2235,2760,355,397,54,61,FALSE,FALSE,FALSE,FALSE,FALSE,95134,2575,3010,3765,2235,2760,355,397,54,61,FALSE,FALSE,FALSE,FALSE,FALSE
"233",95135,2895.59747875298,2800,3770,1510.0766786557,3690,2,3,12,0,TRUE,FALSE,FALSE,TRUE,FALSE,95135,2309.82071076615,2800,3770,1598.70416550072,3690,2,3,12,0,TRUE,FALSE,FALSE,TRUE,FALSE
"234",95136,2145,2506,3040,1745,2416,55,44,33,3,FALSE,FALSE,FALSE,FALSE,FALSE,95136,2145,2506,3040,1745,2416,55,44,33,3,FALSE,FALSE,FALSE,FALSE,FALSE
"235",95138,1748.50430009874,2525,2899,970.615457912496,2847,2,3,9,0,TRUE,FALSE,FALSE,TRUE,FALSE,95138,1692.81085695835,2525,2899,1662.68954418448,2847,2,3,9,0,TRUE,FALSE,FALSE,TRUE,FALSE
"236",95139,1364.40423845812,2490.227004434,3020.02473115752,1853.79147356598,2158.519815774,0,0,0,0,TRUE,TRUE,TRUE,TRUE,TRUE,95139,919.937822935126,2003.81231787628,1221.04152112614,1607.50409857403,1694.54934014685,0,0,0,0,TRUE,TRUE,TRUE,TRUE,TRUE
"237",95140,1257.73199548322,2347.14632796153,2048.17589408579,896.21218778552,1753.28004258254,0,0,0,0,TRUE,TRUE,TRUE,TRUE,TRUE,95140,365.725632791694,2085.86822434208,2343.82562338588,1187.11201173634,1585.45894938539,0,0,0,0,TRUE,TRUE,TRUE,TRUE,TRUE
"238",95148,1952,2619,3134,1475.33087553046,2619,6,6,10,0,FALSE,FALSE,FALSE,TRUE,FALSE,95148,1952,2619,3134,1871.19661164419,2619,6,6,10,0,FALSE,FALSE,FALSE,TRUE,FALSE
"239",95206,2217.48496178082,4071.46311440377,4559.29932949084,2015.99990046252,3339.57796890606,0,0,0,0,TRUE,TRUE,TRUE,TRUE,TRUE,95206,2161.21789689993,2639.90742301806,2305.54905967392,1773.20377150533,2428.55366847094,0,0,0,0,TRUE,TRUE,TRUE,TRUE,TRUE
"240",95219,1169.87172915697,1177,1526.7728077195,1027.98397764778,1157,1,6,0,0,TRUE,FALSE,TRUE,TRUE,FALSE,95219,1011.09827276365,1177,1074.52565263995,902.930664836591,1157,1,6,0,0,TRUE,FALSE,TRUE,TRUE,FALSE
"241",95234,1182.4197895124,1879.44256663213,2251.5988245661,997.251091757025,1696.88249038526,0,0,0,0,TRUE,TRUE,TRUE,TRUE,TRUE,95234,1515.62605906707,2624.0384852735,2507.82904868386,1235.29267135633,2231.84403674758,0,0,0,0,TRUE,TRUE,TRUE,TRUE,TRUE
"242",95304,1912.68074430637,3491.47915726224,2916.60905568743,2165.75385532478,3046.5964807449,0,0,1,0,TRUE,TRUE,TRUE,TRUE,TRUE,95304,1577.28997085516,2861.01343082847,3354.50055990652,1749.48059614637,2345.81090462766,0,0,1,0,TRUE,TRUE,TRUE,TRUE,TRUE
"243",95322,1446.89429266468,2055.15580327306,1722.48204668801,1305.95890977241,1989.67017285198,0,0,0,0,TRUE,TRUE,TRUE,TRUE,TRUE,95322,522.501527056282,1502.9631350549,1462.41590138125,1028.2428197258,1122.76681028702,0,0,0,0,TRUE,TRUE,TRUE,TRUE,TRUE
"244",95360,1522.61054228835,3309.8081493654,3026.21702813324,2186.81075001513,2726.66148331611,0,1,0,0,TRUE,TRUE,TRUE,TRUE,TRUE,95360,1904.32588178874,3105.13408277138,2832.51222329618,1783.09556297985,2685.48306659476,0,1,0,0,TRUE,TRUE,TRUE,TRUE,TRUE
"245",95363,1482.40549331579,2970.98655312109,2483.97079752143,760.651694004846,2586.88595341752,0,0,0,0,TRUE,TRUE,TRUE,TRUE,TRUE,95363,1426.83287685299,3031.93008816731,1914.70118783035,1890.05883099475,2366.15607500192,0,0,0,0,TRUE,TRUE,TRUE,TRUE,TRUE
"246",95606,1400.01041164016,3010.495129173,3114.04014188777,1201.10658057256,2270.76337600546,0,0,0,0,TRUE,TRUE,TRUE,TRUE,TRUE,95606,1258.71510957085,2703.03460705451,2480.25078925109,1845.87650704558,2342.50123490999,0,0,0,0,TRUE,TRUE,TRUE,TRUE,TRUE
"247",95607,1139.37618696254,2600.75815801663,1988.31728344012,873.995321436812,2208.30977833222,0,0,0,0,TRUE,TRUE,TRUE,TRUE,TRUE,95607,1243.06956778692,2033.95192455293,1844.65930240423,1228.63806684255,2226.61999156112,0,0,0,0,TRUE,TRUE,TRUE,TRUE,TRUE
"248",95612,1261.44386211308,2950.51871249083,3139.5048578407,906.227100011754,2147.42439140719,0,0,0,0,TRUE,TRUE,TRUE,TRUE,TRUE,95612,1896.74836758518,3190.0119055268,2850.74663797134,1731.64196283093,2576.89542392478,0,0,0,0,TRUE,TRUE,TRUE,TRUE,TRUE
"249",95615,1298.57016409502,3092.06576927339,2109.96093437607,1480.4364652569,2503.91795515309,0,0,1,0,TRUE,TRUE,TRUE,TRUE,TRUE,95615,1427.07326713487,2792.78281977799,3054.81983957459,1187.14692335739,2265.73732607195,0,0,1,0,TRUE,TRUE,TRUE,TRUE,TRUE
"250",95616,1100,1360,2040,602.747596552146,1255,13,17,5,2,FALSE,FALSE,FALSE,TRUE,FALSE,95616,1100,1360,2040,542.844165370457,1255,13,17,5,2,FALSE,FALSE,FALSE,TRUE,FALSE
"251",95618,1095,1257,1040.15294802786,986.337390711753,1225,3,6,1,0,FALSE,FALSE,TRUE,TRUE,FALSE,95618,1095,1257,2322.26406117504,945.273862491631,1225,3,6,1,0,FALSE,FALSE,TRUE,TRUE,FALSE
"252",95620,1351.04987624019,1263.05103554173,879.574061482965,1044.76280671322,1153,0,1,2,1,TRUE,TRUE,TRUE,TRUE,FALSE,95620,1251.87339641951,947.208225958903,1758.91862316854,847.067568826017,1153,0,1,2,1,TRUE,TRUE,TRUE,TRUE,FALSE
"253",95625,1485.54281071229,2804.10733468772,3770.19765204488,1772.54813368221,2436.4226803133,0,0,0,0,TRUE,TRUE,TRUE,TRUE,TRUE,95625,906.172247886764,1845.04121550982,1439.03935403037,1015.51101436411,1395.92394324394,0,0,0,0,TRUE,TRUE,TRUE,TRUE,TRUE
"254",95637,1093.62935561222,1734.78387703874,1444.70304424174,697.402722439457,1450.5217414888,0,0,0,0,TRUE,TRUE,TRUE,TRUE,TRUE,95637,1182.27959752422,2156.82786943023,1819.87935720645,1406.68077755525,1798.01070895554,0,0,0,0,TRUE,TRUE,TRUE,TRUE,TRUE
"255",95641,658.694755905994,606.609895445333,-348.878181565698,475.665910645632,875,1,1,0,1,TRUE,TRUE,TRUE,TRUE,FALSE,95641,1290.41184907414,492.032673015124,480.986347901654,583.088394334311,875,1,1,0,1,TRUE,TRUE,TRUE,TRUE,FALSE
"256",95679,702.200911778905,1788.64059971814,1980.8915729172,1016.46611930116,1541.72556521741,0,0,0,0,TRUE,TRUE,TRUE,TRUE,TRUE,95679,1245.86185448004,2059.17792194842,1398.13241894297,1073.19207294195,1527.48682140261,0,0,0,0,TRUE,TRUE,TRUE,TRUE,TRUE
"257",95680,848.98028002966,1986.66866401166,1609.84448649501,1091.19655576502,1952.76767152025,0,0,0,0,TRUE,TRUE,TRUE,TRUE,TRUE,95680,285.975819170325,2124.02255392341,2072.14714090071,784.91082975851,1551.96174367355,0,0,0,0,TRUE,TRUE,TRUE,TRUE,TRUE
"258",95687,1279,1517,1680,1178,1505,25,46,10,3,FALSE,FALSE,FALSE,FALSE,FALSE,95687,1279,1517,1680,1178,1505,25,46,10,3,FALSE,FALSE,FALSE,FALSE,FALSE
"259",95688,1350,1300,1660,973.405150130607,1474,5,7,8,0,FALSE,FALSE,FALSE,TRUE,FALSE,95688,1350,1300,1660,820.525602081777,1474,5,7,8,0,FALSE,FALSE,FALSE,TRUE,FALSE
"260",95412,1213.90455077782,2324.10711487716,3432.69063029592,1380.72210823067,2031.4869449439,0,0,0,0,TRUE,TRUE,TRUE,TRUE,TRUE,95412,680.097970449985,1961.95779026771,1009.73062319192,2069.22262492637,1436.36529092391,0,0,0,0,TRUE,TRUE,TRUE,TRUE,TRUE
"261",95421,1950,3070.06883243754,1923.2015921847,1669.22091604095,2225,3,0,1,0,FALSE,TRUE,TRUE,TRUE,FALSE,95421,1950,2609.16497452465,3209.98621972294,1285.50480158835,2225,3,0,1,0,FALSE,TRUE,TRUE,TRUE,FALSE
"262",95425,950,1500,1935,1143.6821371629,1650,3,4,6,0,FALSE,FALSE,FALSE,TRUE,FALSE,95425,950,1500,1935,930.815337868926,1650,3,4,6,0,FALSE,FALSE,FALSE,TRUE,FALSE
"263",95426,1239.92210220449,1906.55683398775,2071.08769389606,1175.11813894833,1833.9312375913,0,1,1,0,TRUE,TRUE,TRUE,TRUE,TRUE,95426,463.329067416463,1341.12687088251,1465.61176241272,590.136090105709,1440.79514448508,0,1,1,0,TRUE,TRUE,TRUE,TRUE,TRUE
"264",95430,814.874653474622,1734.3559957975,1596.7464045076,566.742983231406,1169.48530219404,0,0,0,0,TRUE,TRUE,TRUE,TRUE,TRUE,95430,901.794364027176,1617.32233258952,1551.99398917745,1395.21541325906,1596.97460167728,0,0,0,0,TRUE,TRUE,TRUE,TRUE,TRUE
"265",95436,1671.6162564109,1595,2740.29579708862,667.36285550726,1590,2,4,2,1,TRUE,FALSE,TRUE,TRUE,FALSE,95436,1269.67729457815,1595,1602.43053166122,1424.54012922369,1590,2,4,2,1,TRUE,FALSE,TRUE,TRUE,FALSE
"266",95439,1787.08681786364,3404.27904032022,3083.77365360646,1592.32810359359,2629.10049284305,0,0,1,0,TRUE,TRUE,TRUE,TRUE,TRUE,95439,1806.59512114414,3610.14315970716,3972.06412227209,1404.06856454636,2886.32189859603,0,0,1,0,TRUE,TRUE,TRUE,TRUE,TRUE
"267",95441,953.071849964873,1864.97369053052,2763.11863900304,1619.88276236401,1667.12757648014,0,0,0,0,TRUE,TRUE,TRUE,TRUE,TRUE,95441,2005.3227913641,3904.60304871974,3283.78711058341,1428.33306719613,2748.71003954124,0,0,0,0,TRUE,TRUE,TRUE,TRUE,TRUE
"268",95442,1041.66159987668,1129.65944607942,1556.90164087089,1220.3856534462,1400,2,1,0,0,TRUE,TRUE,TRUE,TRUE,FALSE,95442,1063.78176240621,866.18537473458,2014.5140974154,163.67681180057,1400,2,1,0,0,TRUE,TRUE,TRUE,TRUE,FALSE
"269",95444,1564.04832272282,2548.75404395525,3035.75303234364,1423.96295575418,2146.76565079077,0,1,0,0,TRUE,TRUE,TRUE,TRUE,TRUE,95444,1086.76512121571,2456.20302149874,1866.27860686294,1053.68842456913,1831.40462521591,0,1,0,0,TRUE,TRUE,TRUE,TRUE,TRUE
"270",95445,1192.39582125735,2295.39396650453,2290.54658221092,836.038851014,1792.59922215533,0,0,0,0,TRUE,TRUE,TRUE,TRUE,TRUE,95445,-233.676891531499,713.741988001002,985.420389765679,463.154302918032,606.113801525928,0,0,0,0,TRUE,TRUE,TRUE,TRUE,TRUE
"271",95446,1075,1450,1900,684.953899804928,1195,10,5,3,2,FALSE,FALSE,FALSE,TRUE,FALSE,95446,1075,1450,1900,1005.16400555874,1195,10,5,3,2,FALSE,FALSE,FALSE,TRUE,FALSE
"272",95376,1365,1372,1600,1153.84164689742,1425,4,10,7,0,FALSE,FALSE,FALSE,TRUE,FALSE,95376,1365,1372,1600,950.247486934099,1425,4,10,7,0,FALSE,FALSE,FALSE,TRUE,FALSE
"273",95377,1400.83766293822,1274.74818214436,1925,1452.86732697397,1859,1,2,4,0,TRUE,TRUE,FALSE,TRUE,FALSE,95377,1348.10211091531,1247.05657076458,1925,918.209012367554,1859,1,2,4,0,TRUE,TRUE,FALSE,TRUE,FALSE
"274",95387,1855.65141729333,3278.639295182,3211.58968885091,1778.66596113946,2662.87937370649,0,0,0,0,TRUE,TRUE,TRUE,TRUE,TRUE,95387,1394.97668401664,2958.38342342725,3361.59346847946,1771.90911679253,2534.35340482854,0,0,0,0,TRUE,TRUE,TRUE,TRUE,TRUE
"275",95391,1627.6304810432,1649.02315730105,1987,800,1872,0,1,4,3,TRUE,TRUE,FALSE,FALSE,FALSE,95391,1506.44027484455,1429.77720322532,1987,800,1872,0,1,4,3,TRUE,TRUE,FALSE,FALSE,FALSE
"276",95401,1339,2085,2250,1000,1750,32,37,20,5,FALSE,FALSE,FALSE,FALSE,FALSE,95401,1339,2085,2250,1000,1750,32,37,20,5,FALSE,FALSE,FALSE,FALSE,FALSE
"277",95403,1634,1739,2395,2250,1662,108,66,22,4,FALSE,FALSE,FALSE,FALSE,FALSE,95403,1634,1739,2395,2250,1662,108,66,22,4,FALSE,FALSE,FALSE,FALSE,FALSE
"278",95404,1325,1800,2397,937,1495,35,30,14,8,FALSE,FALSE,FALSE,FALSE,FALSE,95404,1325,1800,2397,937,1495,35,30,14,8,FALSE,FALSE,FALSE,FALSE,FALSE
"279",95405,1699,1898,2350,1234.05658682733,1712,53,55,10,2,FALSE,FALSE,FALSE,TRUE,FALSE,95405,1699,1898,2350,1187.74870323839,1712,53,55,10,2,FALSE,FALSE,FALSE,TRUE,FALSE
"280",95407,1150,1560,1900,947.026654195689,1555,19,17,7,1,FALSE,FALSE,FALSE,TRUE,FALSE,95407,1150,1560,1900,1210.17007219628,1555,19,17,7,1,FALSE,FALSE,FALSE,TRUE,FALSE
"281",95409,1365,1949,2500,1096.10098031443,1915,17,38,16,2,FALSE,FALSE,FALSE,TRUE,FALSE,95409,1365,1949,2500,1366.81749285732,1915,17,38,16,2,FALSE,FALSE,FALSE,TRUE,FALSE
"282",93635,1778.14355842973,3900.09987232951,4391.05714764021,1734.74339037772,3305.56494012071,0,1,1,0,TRUE,TRUE,TRUE,TRUE,TRUE,93635,2683.89732828928,5541.90003580012,6364.32538183551,1817.58967824119,4085.82629783054,0,1,1,0,TRUE,TRUE,TRUE,TRUE,TRUE
"283",94002,2175,2700,3950,2075,2485,39,33,17,17,FALSE,FALSE,FALSE,FALSE,FALSE,94002,2175,2700,3950,2075,2485,39,33,17,17,FALSE,FALSE,FALSE,FALSE,FALSE
"284",94005,2000,2900,2964.78443692086,1570,2400,3,6,1,3,FALSE,FALSE,TRUE,FALSE,FALSE,94005,2000,2900,3994.42792050282,1570,2400,3,6,1,3,FALSE,FALSE,TRUE,FALSE,FALSE
"285",94010,2197,2937,4795,1850,2397,62,48,11,13,FALSE,FALSE,FALSE,FALSE,FALSE,94010,2197,2937,4795,1850,2397,62,48,11,13,FALSE,FALSE,FALSE,FALSE,FALSE
"286",94014,1800,3125,2900,1650,2679,33,35,29,4,FALSE,FALSE,FALSE,FALSE,FALSE,94014,1800,3125,2900,1650,2679,33,35,29,4,FALSE,FALSE,FALSE,FALSE,FALSE
"287",94015,1900,2745,3500,1725,2200,37,32,18,13,FALSE,FALSE,FALSE,FALSE,FALSE,94015,1900,2745,3500,1725,2200,37,32,18,13,FALSE,FALSE,FALSE,FALSE,FALSE
"288",94019,2700,3425,3500,2223.79378205428,3375,6,10,5,1,FALSE,FALSE,FALSE,TRUE,FALSE,94019,2700,3425,3500,2214.05273366466,3375,6,10,5,1,FALSE,FALSE,FALSE,TRUE,FALSE
"289",94020,2590.36554853603,4668.7451613019,4436.72834673246,2323.29156944501,3821.82558585239,1,0,0,0,TRUE,TRUE,TRUE,TRUE,TRUE,94020,2838.26631326246,4900.14664926877,5279.06761812813,2705.77709220171,3980.41217341446,1,0,0,0,TRUE,TRUE,TRUE,TRUE,TRUE
"290",94021,2187.45027967285,4214.49665371163,4979.45928568317,1910.76301719367,3117.24732528684,0,0,0,0,TRUE,TRUE,TRUE,TRUE,TRUE,94021,2109.43855119609,3302.66510948747,3496.13249428782,1785.9673283218,2190.81290318205,0,0,0,0,TRUE,TRUE,TRUE,TRUE,TRUE
"291",94022,3500,3700,5495,1737.02737241411,3897,7,12,11,0,FALSE,FALSE,FALSE,TRUE,FALSE,94022,3500,3700,5495,2326.78916026352,3897,7,12,11,0,FALSE,FALSE,FALSE,TRUE,FALSE
"292",94024,1895,3100,5000,1542.64479075185,3325,11,8,11,2,FALSE,FALSE,FALSE,TRUE,FALSE,94024,1895,3100,5000,2192.21542332552,3325,11,8,11,2,FALSE,FALSE,FALSE,TRUE,FALSE
"293",94025,2325,3280,4703,1850,2995,68,95,34,23,FALSE,FALSE,FALSE,FALSE,FALSE,94025,2325,3280,4703,1850,2995,68,95,34,23,FALSE,FALSE,FALSE,FALSE,FALSE
"294",94027,2975,3000,4860.50232398507,1687.12254227008,2987,5,5,1,1,FALSE,FALSE,TRUE,TRUE,FALSE,94027,2975,3000,3171.2060509327,2169.27263582974,2987,5,5,1,1,FALSE,FALSE,TRUE,TRUE,FALSE
"295",94028,2255.8502613003,3575.78894810009,3946.26022828119,1975.43218010558,3400,1,2,2,1,TRUE,TRUE,TRUE,TRUE,FALSE,94028,2464.30086511232,3413.86466485611,4171.07806989903,1970.72493496967,3400,1,2,2,1,TRUE,TRUE,TRUE,TRUE,FALSE
"296",94030,1937,3395,4295,2075.01198238662,3395,12,36,14,1,FALSE,FALSE,FALSE,TRUE,FALSE,94030,1937,3395,4295,2159.41915354962,3395,12,36,14,1,FALSE,FALSE,FALSE,TRUE,FALSE
"297",94037,1671.94078553087,3552.53395550157,4189.91836523681,2025.54802314004,3101.61333380532,1,1,0,0,TRUE,TRUE,TRUE,TRUE,TRUE,94037,1221.14413273634,2401.01087745988,2528.64048571956,1752.7249229765,2263.70512167957,1,1,0,0,TRUE,TRUE,TRUE,TRUE,TRUE
"298",94038,2161.89209676966,3578.50858501854,3800,2319.49074592917,3800,0,0,3,0,TRUE,TRUE,FALSE,TRUE,FALSE,94038,3050.68014279662,3546.93871286017,3800,1993.95349930901,3800,0,0,3,0,TRUE,TRUE,FALSE,TRUE,FALSE
"299",94040,2150,2795,4250,1775,2395,163,102,19,21,FALSE,FALSE,FALSE,FALSE,FALSE,94040,2150,2795,4250,1775,2395,163,102,19,21,FALSE,FALSE,FALSE,FALSE,FALSE
"300",94041,2411,3100,4900,1587,3000,56,59,21,4,FALSE,FALSE,FALSE,FALSE,FALSE,94041,2411,3100,4900,1587,3000,56,59,21,4,FALSE,FALSE,FALSE,FALSE,FALSE
"301",94043,2250,2995,4387,1825,2975,65,97,54,15,FALSE,FALSE,FALSE,FALSE,FALSE,94043,2250,2995,4387,1825,2975,65,97,54,15,FALSE,FALSE,FALSE,FALSE,FALSE
"302",94044,2297,2665,3350,2618,2600,36,88,14,7,FALSE,FALSE,FALSE,FALSE,FALSE,94044,2297,2665,3350,2618,2600,36,88,14,7,FALSE,FALSE,FALSE,FALSE,FALSE
"303",94060,1394.22800978684,3319.212835489,3018.09386908561,2100.91934993272,2293.70666618023,0,0,0,0,TRUE,TRUE,TRUE,TRUE,TRUE,94060,1543.02676579489,3354.66952662915,4194.32531487782,1519.07339771625,2826.51065717389,0,0,0,0,TRUE,TRUE,TRUE,TRUE,TRUE
"304",94061,2170,2795,4172,1525,2350,51,43,12,8,FALSE,FALSE,FALSE,FALSE,FALSE,94061,2170,2795,4172,1525,2350,51,43,12,8,FALSE,FALSE,FALSE,FALSE,FALSE
"305",94062,2100,3200,4275,1795,2335,43,11,18,7,FALSE,FALSE,FALSE,FALSE,FALSE,94062,2100,3200,4275,1795,2335,43,11,18,7,FALSE,FALSE,FALSE,FALSE,FALSE
"306",94063,3050,3772,4605,1700,3420,71,70,23,8,FALSE,FALSE,FALSE,FALSE,FALSE,94063,3050,3772,4605,1700,3420,71,70,23,8,FALSE,FALSE,FALSE,FALSE,FALSE
"307",94065,2560,3450,4717.31562110995,2582.88182066627,3195,12,15,0,0,FALSE,FALSE,TRUE,TRUE,FALSE,94065,2560,3450,4544.54659894933,2290.23366347542,3195,12,15,0,0,FALSE,FALSE,TRUE,TRUE,FALSE
"308",94066,2860,3195,3575,1575,2950,77,53,16,11,FALSE,FALSE,FALSE,FALSE,FALSE,94066,2860,3195,3575,1575,2950,77,53,16,11,FALSE,FALSE,FALSE,FALSE,FALSE
"309",94070,1875,2600,3900,1737,1997,33,31,10,6,FALSE,FALSE,FALSE,FALSE,FALSE,94070,1875,2600,3900,1737,1997,33,31,10,6,FALSE,FALSE,FALSE,FALSE,FALSE
"310",94074,3033.47967429498,5584.09960611118,5488.6681794942,2926.58578748649,4402.1345755753,0,0,0,0,TRUE,TRUE,TRUE,TRUE,TRUE,94074,2583.97940182055,4554.65307432824,4975.34275457232,2087.98590709635,4018.71631034488,0,0,0,0,TRUE,TRUE,TRUE,TRUE,TRUE
"311",94080,1975,2700,3495,1956.68819167274,2665,26,39,25,0,FALSE,FALSE,FALSE,TRUE,FALSE,94080,1975,2700,3495,2376.30185502455,2665,26,39,25,0,FALSE,FALSE,FALSE,TRUE,FALSE
"312",94085,2322,3045,3250,1795,2619,66,71,21,11,FALSE,FALSE,FALSE,FALSE,FALSE,94085,2322,3045,3250,1795,2619,66,71,21,11,FALSE,FALSE,FALSE,FALSE,FALSE
"313",94086,2314,2716,3619,1860,2454,182,155,28,7,FALSE,FALSE,FALSE,FALSE,FALSE,94086,2314,2716,3619,1860,2454,182,155,28,7,FALSE,FALSE,FALSE,FALSE,FALSE
"314",94087,2199,2764,4000,1802,2764,55,62,41,4,FALSE,FALSE,FALSE,FALSE,FALSE,94087,2199,2764,4000,1802,2764,55,62,41,4,FALSE,FALSE,FALSE,FALSE,FALSE
"315",94089,2556,3404,3219,2625,2902,55,41,14,4,FALSE,FALSE,FALSE,FALSE,FALSE,94089,2556,3404,3219,2625,2902,55,41,14,4,FALSE,FALSE,FALSE,FALSE,FALSE
"316",94102,3497,4687,6075,2195,3495,142,94,6,96,FALSE,FALSE,FALSE,FALSE,FALSE,94102,3497,4687,6075,2195,3495,142,94,6,96,FALSE,FALSE,FALSE,FALSE,FALSE
"317",94103,3600,4500,5697,2576,3777,201,110,12,50,FALSE,FALSE,FALSE,FALSE,FALSE,94103,3600,4500,5697,2576,3777,201,110,12,50,FALSE,FALSE,FALSE,FALSE,FALSE
"318",94104,1672.3455447577,3705.3035893795,4424.80323332912,2069.06959869485,3055.80017817116,0,2,0,0,TRUE,TRUE,TRUE,TRUE,TRUE,94104,1803.76956451481,3581.18312275152,3043.78904029533,2352.57952449083,3137.50891851031,0,2,0,0,TRUE,TRUE,TRUE,TRUE,TRUE
"319",94105,3950,6000,6300,3112,4307,112,87,7,22,FALSE,FALSE,FALSE,FALSE,FALSE,94105,3950,6000,6300,3112,4307,112,87,7,22,FALSE,FALSE,FALSE,FALSE,FALSE
"320",94107,3595,4600,6190,2597,3895,183,135,23,34,FALSE,FALSE,FALSE,FALSE,FALSE,94107,3595,4600,6190,2597,3895,183,135,23,34,FALSE,FALSE,FALSE,FALSE,FALSE
"321",94108,3395,4145,5288.48445525148,2087,3050,65,22,2,38,FALSE,FALSE,TRUE,FALSE,FALSE,94108,3395,4145,4638.08375074326,2087,3050,65,22,2,38,FALSE,FALSE,TRUE,FALSE,FALSE
"322",94109,3195,4200,6095,1995,3400,281,187,35,165,FALSE,FALSE,FALSE,FALSE,FALSE,94109,3195,4200,6095,1995,3400,281,187,35,165,FALSE,FALSE,FALSE,FALSE,FALSE
"323",94110,3165,4095,5000,2350,3700,104,110,49,38,FALSE,FALSE,FALSE,FALSE,FALSE,94110,3165,4095,5000,2350,3700,104,110,49,38,FALSE,FALSE,FALSE,FALSE,FALSE
"324",94111,3751,5336,6664.92490952788,3243,3845,17,14,1,10,FALSE,FALSE,TRUE,FALSE,FALSE,94111,3751,5336,5338.44283953589,3243,3845,17,14,1,10,FALSE,FALSE,TRUE,FALSE,FALSE
"325",94112,2222,3000,4250,1650,2775,40,61,29,15,FALSE,FALSE,FALSE,FALSE,FALSE,94112,2222,3000,4250,1650,2775,40,61,29,15,FALSE,FALSE,FALSE,FALSE,FALSE
"326",94114,3295,4600,6500,2195,4000,121,102,44,19,FALSE,FALSE,FALSE,FALSE,FALSE,94114,3295,4600,6500,2195,4000,121,102,44,19,FALSE,FALSE,FALSE,FALSE,FALSE
"327",94115,3345,4450,6350,2300,3800,103,119,36,40,FALSE,FALSE,FALSE,FALSE,FALSE,94115,3345,4450,6350,2300,3800,103,119,36,40,FALSE,FALSE,FALSE,FALSE,FALSE
"328",94116,1787,2825,4247,1595,2595,26,50,14,5,FALSE,FALSE,FALSE,FALSE,FALSE,94116,1787,2825,4247,1595,2595,26,50,14,5,FALSE,FALSE,FALSE,FALSE,FALSE
"329",94117,2900,4250,5400,2100,3690,90,100,43,27,FALSE,FALSE,FALSE,FALSE,FALSE,94117,2900,4250,5400,2100,3690,90,100,43,27,FALSE,FALSE,FALSE,FALSE,FALSE
"330",95448,1500,1750,2600,914.817098774155,1850,7,13,11,1,FALSE,FALSE,FALSE,TRUE,FALSE,95448,1500,1750,2600,1257.77865022451,1850,7,13,11,1,FALSE,FALSE,FALSE,TRUE,FALSE
"331",95449,953.246507809346,2027.26198911487,2102.33255674569,834.060661658185,1693.33324732962,0,0,0,0,TRUE,TRUE,TRUE,TRUE,TRUE,95449,390.790421333625,1764.3719866936,1000.7152507759,768.455459906937,1235.85692680368,0,0,0,0,TRUE,TRUE,TRUE,TRUE,TRUE
"332",95450,986.17960059418,3015.92396664459,2425.78111247348,1084.47941723964,1903.26720029646,1,0,0,0,TRUE,TRUE,TRUE,TRUE,TRUE,95450,831.062296276875,2227.15260071934,2350.26846547493,1083.05899678857,2167.26776494779,1,0,0,0,TRUE,TRUE,TRUE,TRUE,TRUE
"333",95451,576.049041977705,900,1525,241.739117239712,1400,0,3,8,0,TRUE,FALSE,FALSE,TRUE,FALSE,95451,1056.40337730319,900,1525,562.442020927815,1400,0,3,8,0,TRUE,FALSE,FALSE,TRUE,FALSE
"334",95452,1605.77258075491,2052.92837654016,2117.61050547866,1217.74425657155,2100,1,2,1,0,TRUE,TRUE,TRUE,TRUE,FALSE,95452,1686.73560344201,1898.7286902753,1868.33441921209,946.831965145998,2100,1,2,1,0,TRUE,TRUE,TRUE,TRUE,FALSE
"335",95457,1406.70827637993,2866.47287351808,3618.82608371422,1157.66361966633,2008.44524797944,1,0,1,0,TRUE,TRUE,TRUE,TRUE,TRUE,95457,1266.71813036645,2254.91171729448,2286.19404666209,1235.2117659822,1816.01001899268,1,0,1,0,TRUE,TRUE,TRUE,TRUE,TRUE
"336",95461,1293.97457449099,2848.33202034269,1875.6520122895,1417.63995748559,1996.25524046601,0,1,0,0,TRUE,TRUE,TRUE,TRUE,TRUE,95461,921.635829796801,2180.11924661016,1612.05101581003,1379.38603625414,1788.30085329952,0,1,0,0,TRUE,TRUE,TRUE,TRUE,TRUE
"337",95462,990,1342.88990838644,403.301771516144,980.078390096423,1000,4,1,1,0,FALSE,TRUE,TRUE,TRUE,FALSE,95462,990,1308.0515101433,1789.74015919598,1094.47008106066,1000,4,1,1,0,FALSE,TRUE,TRUE,TRUE,FALSE
"338",95465,1854.52078677356,2927.66280787942,3032.46313713254,1032.5870568874,2731.18621162008,1,1,0,0,TRUE,TRUE,TRUE,TRUE,TRUE,95465,1234.96103640953,3047.90462358691,3473.00786147347,1758.4709441582,2521.48210578582,1,1,0,0,TRUE,TRUE,TRUE,TRUE,TRUE
"339",95467,1552.99405172918,3020.30433854239,3461.66820047994,740.545556281144,2686.4714744677,0,1,0,0,TRUE,TRUE,TRUE,TRUE,TRUE,95467,1048.07395525032,1965.26275914162,1790.05951426751,1456.97397359997,1664.86728902468,0,1,0,0,TRUE,TRUE,TRUE,TRUE,TRUE
"340",95471,1440.5540424249,1600,1775.63191159228,750.386270923883,1600,0,3,0,0,TRUE,FALSE,TRUE,TRUE,FALSE,95471,1622.27713352227,1600,2071.4824086879,1300.41877851962,1600,0,3,0,0,TRUE,FALSE,TRUE,TRUE,FALSE
"341",95472,1295,1550,3300,1175.56470291875,1490,17,14,5,0,FALSE,FALSE,FALSE,TRUE,FALSE,95472,1295,1550,3300,1325.24260549742,1490,17,14,5,0,FALSE,FALSE,FALSE,TRUE,FALSE
"342",95476,1300,2000,2700,1067.61862225805,2000,23,30,19,0,FALSE,FALSE,FALSE,TRUE,FALSE,95476,1300,2000,2700,1349.30285995745,2000,23,30,19,0,FALSE,FALSE,FALSE,TRUE,FALSE
"343",95492,1598.1118865392,1650,2400,686.767673983413,2350,0,5,11,0,TRUE,FALSE,FALSE,TRUE,FALSE,95492,1637.77240309129,1650,2400,1263.4779990253,2350,0,5,11,0,TRUE,FALSE,FALSE,TRUE,FALSE
"344",95497,1135.24071271879,2870.41250755692,3260.23981551544,1260.2165370849,2078.32684531844,0,0,0,0,TRUE,TRUE,TRUE,TRUE,TRUE,95497,1835.41357216296,2478.0198115743,4236.74485187079,1638.45282598927,2219.14735769485,0,0,0,0,TRUE,TRUE,TRUE,TRUE,TRUE
